state,municipality_agency,document_title,document_date,company_llc_name,extracted_water_metric,extracted_quote,source_url,document_url,local_file_path,source_portal,permit_number,match_term,matched_company,keyword_matches,relevance_score,scraped_at
VA,Virginia DEQ,VPDES Outfall: Amazon com Services LLC - DDC4 1 - VAR052461 (Outfall VAR052461002),,Amazon com Services LLC - DDC4 1,,,https://apps.deq.virginia.gov/arcgis/rest/services/public/EDMA/MapServer/119/query?where=VAP_PMT_NO='VAR052461'&f=html,,,va_deq_arcgis,VAR052461,facility name matched: Amazon,Amazon,,0.00,2026-02-24T04:51:08.035959
VA,Virginia DEQ,VPDES Outfall: Amazon LLC - RIC1 - VAR052418 (Outfall VAR052418001),,Amazon LLC - RIC1,,,https://apps.deq.virginia.gov/arcgis/rest/services/public/EDMA/MapServer/119/query?where=VAP_PMT_NO='VAR052418'&f=html,,,va_deq_arcgis,VAR052418,facility name matched: Amazon,Amazon,,0.00,2026-02-24T04:51:08.040447
VA,Virginia DEQ,VPDES Outfall: RIC2 Amazon - VAR052421 (Outfall VAR052421001),,RIC2 Amazon,,,https://apps.deq.virginia.gov/arcgis/rest/services/public/EDMA/MapServer/119/query?where=VAP_PMT_NO='VAR052421'&f=html,,,va_deq_arcgis,VAR052421,facility name matched: Amazon,Amazon,,0.00,2026-02-24T04:51:10.489912
VA,Virginia DEQ,VPDES Outfall: Amazon com Services LLC - DDC4 - VAR052420 (Outfall VAR052420002),,Amazon com Services LLC - DDC4,,,https://apps.deq.virginia.gov/arcgis/rest/services/public/EDMA/MapServer/119/query?where=VAP_PMT_NO='VAR052420'&f=html,,,va_deq_arcgis,VAR052420,facility name matched: Amazon,Amazon,,0.00,2026-02-24T04:51:10.494650
VA,Virginia DEQ,VPDES Outfall: Amazon Services Inc-RIC5 - VAR052422 (Outfall VAR052422002),,Amazon Services Inc-RIC5,,,https://apps.deq.virginia.gov/arcgis/rest/services/public/EDMA/MapServer/119/query?where=VAP_PMT_NO='VAR052422'&f=html,,,va_deq_arcgis,VAR052422,facility name matched: Amazon,Amazon,,0.00,2026-02-24T04:51:10.497174
OH,Columbus City Council,"3069-2024: To authorize the Director of Finance and Management, on behalf of the Department of Technology, to enter into contract with Mako Power LLC for the purchase and installation of two hundred and thirty-two (232) UPS batteries, and subsequent environmentally sound disposal of aged UPS Batteries at Data Center West; to authorize the expenditure of up to $66,044.00 from the Information Services Division’s Operating Fund; and to declare an emergency.  ($66,044.00)",2024-11-01T00:00:00,,,,https://columbus.legistar.com/LegislationDetail.aspx?ID=131830,https://legistar3.granicus.com/Columbus/attachments/5f727f9a-9c3e-4643-92b7-c30961328103.xlsx,data/downloads/ohio/columbus/RFQ028877_DoT_DCWest_UPS_Battery_Replacement_2024_Bid_Tabulation_Report,oh_columbus_legistar,,"Legistar API: substringof('data center',MatterTitle)",,,0.00,2026-02-24T04:51:41.226306
OH,Columbus City Council,"2997-2024: To authorize the Director of the Department of Technology to renew a contract with The Jasper Group International, Inc. for extended warranty, maintenance, support and monitoring services for Hewlett Packard servers and EMC data storage equipment and data center systems; to authorize the expenditure of $64,034.00 from the Department of Technology, Information Services Operating Fund; and to declare an emergency. ($64,034.00).",2024-10-25T00:00:00,,,,https://columbus.legistar.com/LegislationDetail.aspx?ID=131753,https://legistar3.granicus.com/Columbus/attachments/b1f90c5b-b66b-4213-a1cd-2ba5cc24d68e.pdf,data/downloads/ohio/columbus/City_of_Columbus_Quote,oh_columbus_legistar,,"Legistar API: substringof('data center',MatterTitle)",,,0.00,2026-02-24T04:51:49.607653
OH,Columbus City Council,"2763-2022: To authorize the Director of the Department of Technology to renew a contract with The Jasper Group International, Inc. for extended warranty, maintenance, support and monitoring services for Hewlett Packard servers and EMC data storage equipment and data center systems; to authorize the expenditure of $49,476.00 from the Department of Technology, Information Services Operating Fund; and to declare an emergency. ($49,476.00).",2022-10-03T00:00:00,,,,https://columbus.legistar.com/LegislationDetail.aspx?ID=124301,https://legistar3.granicus.com/Columbus/attachments/ef676f3a-562f-4589-a57f-c3ac5840d3f0.docx,data/downloads/ohio/columbus/2763-2022_ITB_Consolidated_Hardware_Maintenance_Bid_Specs_2021,oh_columbus_legistar,,"Legistar API: substringof('data center',MatterTitle)",,,0.00,2026-02-24T04:51:55.381194
OH,Columbus City Council,"0935-2025: To authorize the Director of the Department of Technology to modify an existing contract with Technology Site Planners, Inc.to provide data center alarm monitoring and first responder services; and to authorize the expenditure of $54,675.00 from the Department of Technology, Information Services Division, Information Services Operating Fund. ($54,675.00)",2025-04-01T00:00:00,,,,https://columbus.legistar.com/LegislationDetail.aspx?ID=133305,https://legistar3.granicus.com/Columbus/attachments/1d3e8910-c40e-46c1-ac68-e7cc0bf501e2.pdf,data/downloads/ohio/columbus/City_of_Columbus_Alarm_Monitoring_First_Responder_Services_Proposal_2025-2026,oh_columbus_legistar,,"Legistar API: substringof('data center',MatterTitle)",,,0.00,2026-02-24T04:52:02.635618
OH,Columbus City Council,"1255-2024: To authorize the Director of the Department of Technology to enter into contract with Mr. Perfect Cleaning Janitorial and Building Maintenance Services, LLC for janitorial services at the City’s Data Center West; to authorize the expenditure of $28,428.00; and to declare an emergency. ($28,428.00)",2024-04-25T00:00:00,,,,https://columbus.legistar.com/LegislationDetail.aspx?ID=129994,https://legistar3.granicus.com/Columbus/attachments/49acb5e8-abd6-4686-92f8-75cc730781fc.xlsx,data/downloads/ohio/columbus/RFQ027437_Janitorial_Services_for_DC_West,oh_columbus_legistar,,"Legistar API: substringof('data center',MatterTitle)",,,0.00,2026-02-24T04:52:09.507821
VA,EPA ECHO,"DMR: BROAD RUN WATER RECLAMATION — Turbidity (Outfall 001, 10/31/2022)",2022-10-31T00:00:00,BROAD RUN WATER RECLAMATION,Turbidity: Dmr Value Nmbr: .05 NTU,Facility: BROAD RUN WATER RECLAMATION | Monitoring Period: 10/31/2022 | Parameter: Turbidity | Outfall: 001 | Permit Limit (C2): .5,https://echo.epa.gov/detailed-facility-report?fid=VA0091383,https://echo.epa.gov/detailed-facility-report?fid=VA0091383#cwa-discharge-monitoring,,epa_echo_dmr,VA0091383,EPA ECHO target permit: VA0091383,,,0.00,2026-02-24T05:33:19.041089
VA,EPA ECHO,"DMR: BROAD RUN WATER RECLAMATION — Turbidity (Outfall 001, 11/30/2022)",2022-11-30T00:00:00,BROAD RUN WATER RECLAMATION,Turbidity: Dmr Value Nmbr: .06 NTU,Facility: BROAD RUN WATER RECLAMATION | Monitoring Period: 11/30/2022 | Parameter: Turbidity | Outfall: 001 | Permit Limit (C2): .5,https://echo.epa.gov/detailed-facility-report?fid=VA0091383,https://echo.epa.gov/detailed-facility-report?fid=VA0091383#cwa-discharge-monitoring,,epa_echo_dmr,VA0091383,EPA ECHO target permit: VA0091383,,,0.00,2026-02-24T05:33:19.043691
VA,EPA ECHO,"DMR: BROAD RUN WATER RECLAMATION — Turbidity (Outfall 001, 12/31/2022)",2022-12-31T00:00:00,BROAD RUN WATER RECLAMATION,Turbidity: Dmr Value Nmbr: .06 NTU,Facility: BROAD RUN WATER RECLAMATION | Monitoring Period: 12/31/2022 | Parameter: Turbidity | Outfall: 001 | Permit Limit (C2): .5,https://echo.epa.gov/detailed-facility-report?fid=VA0091383,https://echo.epa.gov/detailed-facility-report?fid=VA0091383#cwa-discharge-monitoring,,epa_echo_dmr,VA0091383,EPA ECHO target permit: VA0091383,,,0.00,2026-02-24T05:33:19.045534
VA,EPA ECHO,"DMR: BROAD RUN WATER RECLAMATION — Turbidity (Outfall 001, 01/31/2023)",2023-01-31T00:00:00,BROAD RUN WATER RECLAMATION,Turbidity: Dmr Value Nmbr: .06 NTU,Facility: BROAD RUN WATER RECLAMATION | Monitoring Period: 01/31/2023 | Parameter: Turbidity | Outfall: 001 | Permit Limit (C2): .5,https://echo.epa.gov/detailed-facility-report?fid=VA0091383,https://echo.epa.gov/detailed-facility-report?fid=VA0091383#cwa-discharge-monitoring,,epa_echo_dmr,VA0091383,EPA ECHO target permit: VA0091383,,,0.00,2026-02-24T05:33:19.047273
VA,EPA ECHO,"DMR: BROAD RUN WATER RECLAMATION — Turbidity (Outfall 001, 02/28/2023)",2023-02-28T00:00:00,BROAD RUN WATER RECLAMATION,Turbidity: Dmr Value Nmbr: .06 NTU,Facility: BROAD RUN WATER RECLAMATION | Monitoring Period: 02/28/2023 | Parameter: Turbidity | Outfall: 001 | Permit Limit (C2): .5,https://echo.epa.gov/detailed-facility-report?fid=VA0091383,https://echo.epa.gov/detailed-facility-report?fid=VA0091383#cwa-discharge-monitoring,,epa_echo_dmr,VA0091383,EPA ECHO target permit: VA0091383,,,0.00,2026-02-24T05:33:19.048829
VA,EPA ECHO,"DMR: BROAD RUN WATER RECLAMATION — Flow, in conduit or thru treatment plant (Outfall 001, 10/31/2022)",2022-10-31T00:00:00,BROAD RUN WATER RECLAMATION,"Flow, in conduit or thru treatment plant: Dmr Value Nmbr: 6.4 MGD","Facility: BROAD RUN WATER RECLAMATION | Monitoring Period: 10/31/2022 | Parameter: Flow, in conduit or thru treatment plant | Outfall: 001 | Permit Limit (Q1): 11",https://echo.epa.gov/detailed-facility-report?fid=VA0091383,https://echo.epa.gov/detailed-facility-report?fid=VA0091383#cwa-discharge-monitoring,,epa_echo_dmr,VA0091383,EPA ECHO target permit: VA0091383,,,0.00,2026-02-24T05:34:02.618495
VA,EPA ECHO,"DMR: BROAD RUN WATER RECLAMATION — Flow, in conduit or thru treatment plant (Outfall 001, 11/30/2022)",2022-11-30T00:00:00,BROAD RUN WATER RECLAMATION,"Flow, in conduit or thru treatment plant: Dmr Value Nmbr: 7.3 MGD","Facility: BROAD RUN WATER RECLAMATION | Monitoring Period: 11/30/2022 | Parameter: Flow, in conduit or thru treatment plant | Outfall: 001",https://echo.epa.gov/detailed-facility-report?fid=VA0091383,https://echo.epa.gov/detailed-facility-report?fid=VA0091383#cwa-discharge-monitoring,,epa_echo_dmr,VA0091383,EPA ECHO target permit: VA0091383,,,0.00,2026-02-24T05:34:02.621999
VA,EPA ECHO,"DMR: BROAD RUN WATER RECLAMATION — Flow, in conduit or thru treatment plant (Outfall 001, 12/31/2022)",2022-12-31T00:00:00,BROAD RUN WATER RECLAMATION,"Flow, in conduit or thru treatment plant: Dmr Value Nmbr: 6.8 MGD","Facility: BROAD RUN WATER RECLAMATION | Monitoring Period: 12/31/2022 | Parameter: Flow, in conduit or thru treatment plant | Outfall: 001 | Permit Limit (Q1): 11",https://echo.epa.gov/detailed-facility-report?fid=VA0091383,https://echo.epa.gov/detailed-facility-report?fid=VA0091383#cwa-discharge-monitoring,,epa_echo_dmr,VA0091383,EPA ECHO target permit: VA0091383,,,0.00,2026-02-24T05:34:02.624341
VA,EPA ECHO,"DMR: BROAD RUN WATER RECLAMATION — Flow, in conduit or thru treatment plant (Outfall 001, 10/31/2022)",2022-10-31T00:00:00,BROAD RUN WATER RECLAMATION,"Flow, in conduit or thru treatment plant: Dmr Value Nmbr: 6.4 MGD","Facility: BROAD RUN WATER RECLAMATION | Monitoring Period: 10/31/2022 | Parameter: Flow, in conduit or thru treatment plant | Outfall: 001 | Permit Limit (Q1): 11",https://echo.epa.gov/detailed-facility-report?fid=VA0091383,https://echo.epa.gov/detailed-facility-report?fid=VA0091383#cwa-discharge-monitoring,,epa_echo_dmr,VA0091383,EPA ECHO target permit: VA0091383,,,0.00,2026-02-24T05:34:32.976356
VA,EPA ECHO,"DMR: BROAD RUN WATER RECLAMATION — Flow, in conduit or thru treatment plant (Outfall 001, 11/30/2022)",2022-11-30T00:00:00,BROAD RUN WATER RECLAMATION,"Flow, in conduit or thru treatment plant: Dmr Value Nmbr: 7.3 MGD","Facility: BROAD RUN WATER RECLAMATION | Monitoring Period: 11/30/2022 | Parameter: Flow, in conduit or thru treatment plant | Outfall: 001",https://echo.epa.gov/detailed-facility-report?fid=VA0091383,https://echo.epa.gov/detailed-facility-report?fid=VA0091383#cwa-discharge-monitoring,,epa_echo_dmr,VA0091383,EPA ECHO target permit: VA0091383,,,0.00,2026-02-24T05:34:32.979369
VA,EPA ECHO,"DMR: BROAD RUN WATER RECLAMATION — Flow, in conduit or thru treatment plant (Outfall 001, 12/31/2022)",2022-12-31T00:00:00,BROAD RUN WATER RECLAMATION,"Flow, in conduit or thru treatment plant: Dmr Value Nmbr: 6.8 MGD","Facility: BROAD RUN WATER RECLAMATION | Monitoring Period: 12/31/2022 | Parameter: Flow, in conduit or thru treatment plant | Outfall: 001 | Permit Limit (Q1): 11",https://echo.epa.gov/detailed-facility-report?fid=VA0091383,https://echo.epa.gov/detailed-facility-report?fid=VA0091383#cwa-discharge-monitoring,,epa_echo_dmr,VA0091383,EPA ECHO target permit: VA0091383,,,0.00,2026-02-24T05:34:32.981750
VA,EPA ECHO,"DMR: BROAD RUN WATER RECLAMATION — Flow, in conduit or thru treatment plant (Outfall 001, 01/31/2023)",2023-01-31T00:00:00,BROAD RUN WATER RECLAMATION,"Flow, in conduit or thru treatment plant: Dmr Value Nmbr: 7.3 MGD","Facility: BROAD RUN WATER RECLAMATION | Monitoring Period: 01/31/2023 | Parameter: Flow, in conduit or thru treatment plant | Outfall: 001",https://echo.epa.gov/detailed-facility-report?fid=VA0091383,https://echo.epa.gov/detailed-facility-report?fid=VA0091383#cwa-discharge-monitoring,,epa_echo_dmr,VA0091383,EPA ECHO target permit: VA0091383,,,0.00,2026-02-24T05:34:32.983985
VA,EPA ECHO,"DMR: BROAD RUN WATER RECLAMATION — Flow, in conduit or thru treatment plant (Outfall 001, 02/28/2023)",2023-02-28T00:00:00,BROAD RUN WATER RECLAMATION,"Flow, in conduit or thru treatment plant: Dmr Value Nmbr: 6.6 MGD","Facility: BROAD RUN WATER RECLAMATION | Monitoring Period: 02/28/2023 | Parameter: Flow, in conduit or thru treatment plant | Outfall: 001 | Permit Limit (Q1): 11",https://echo.epa.gov/detailed-facility-report?fid=VA0091383,https://echo.epa.gov/detailed-facility-report?fid=VA0091383#cwa-discharge-monitoring,,epa_echo_dmr,VA0091383,EPA ECHO target permit: VA0091383,,,0.00,2026-02-24T05:34:32.986500
VA,EPA ECHO,"DMR: BROAD RUN WATER RECLAMATION — Flow, in conduit or thru treatment plant (Outfall 001, 03/31/2023)",2023-03-31T00:00:00,BROAD RUN WATER RECLAMATION,"Flow, in conduit or thru treatment plant: Dmr Value Nmbr: 7.5 MGD","Facility: BROAD RUN WATER RECLAMATION | Monitoring Period: 03/31/2023 | Parameter: Flow, in conduit or thru treatment plant | Outfall: 001",https://echo.epa.gov/detailed-facility-report?fid=VA0091383,https://echo.epa.gov/detailed-facility-report?fid=VA0091383#cwa-discharge-monitoring,,epa_echo_dmr,VA0091383,EPA ECHO target permit: VA0091383,,,0.00,2026-02-24T05:34:32.989186
VA,EPA ECHO,"DMR: BROAD RUN WATER RECLAMATION — Flow, in conduit or thru treatment plant (Outfall 001, 04/30/2023)",2023-04-30T00:00:00,BROAD RUN WATER RECLAMATION,"Flow, in conduit or thru treatment plant: Dmr Value Nmbr: 6.3 MGD","Facility: BROAD RUN WATER RECLAMATION | Monitoring Period: 04/30/2023 | Parameter: Flow, in conduit or thru treatment plant | Outfall: 001 | Permit Limit (Q1): 11",https://echo.epa.gov/detailed-facility-report?fid=VA0091383,https://echo.epa.gov/detailed-facility-report?fid=VA0091383#cwa-discharge-monitoring,,epa_echo_dmr,VA0091383,EPA ECHO target permit: VA0091383,,,0.00,2026-02-24T05:34:32.991174
VA,EPA ECHO,"DMR: BROAD RUN WATER RECLAMATION — Flow, in conduit or thru treatment plant (Outfall 001, 05/31/2023)",2023-05-31T00:00:00,BROAD RUN WATER RECLAMATION,"Flow, in conduit or thru treatment plant: Dmr Value Nmbr: 6.5 MGD","Facility: BROAD RUN WATER RECLAMATION | Monitoring Period: 05/31/2023 | Parameter: Flow, in conduit or thru treatment plant | Outfall: 001 | Permit Limit (Q1): 11",https://echo.epa.gov/detailed-facility-report?fid=VA0091383,https://echo.epa.gov/detailed-facility-report?fid=VA0091383#cwa-discharge-monitoring,,epa_echo_dmr,VA0091383,EPA ECHO target permit: VA0091383,,,0.00,2026-02-24T05:34:32.993060
VA,EPA ECHO,"DMR: BROAD RUN WATER RECLAMATION — Flow, in conduit or thru treatment plant (Outfall 001, 06/30/2023)",2023-06-30T00:00:00,BROAD RUN WATER RECLAMATION,"Flow, in conduit or thru treatment plant: Dmr Value Nmbr: 7.1 MGD","Facility: BROAD RUN WATER RECLAMATION | Monitoring Period: 06/30/2023 | Parameter: Flow, in conduit or thru treatment plant | Outfall: 001",https://echo.epa.gov/detailed-facility-report?fid=VA0091383,https://echo.epa.gov/detailed-facility-report?fid=VA0091383#cwa-discharge-monitoring,,epa_echo_dmr,VA0091383,EPA ECHO target permit: VA0091383,,,0.00,2026-02-24T05:34:32.995005
VA,EPA ECHO,"DMR: BROAD RUN WATER RECLAMATION — Flow, in conduit or thru treatment plant (Outfall 001, 07/31/2023)",2023-07-31T00:00:00,BROAD RUN WATER RECLAMATION,"Flow, in conduit or thru treatment plant: Dmr Value Nmbr: 5 MGD","Facility: BROAD RUN WATER RECLAMATION | Monitoring Period: 07/31/2023 | Parameter: Flow, in conduit or thru treatment plant | Outfall: 001 | Permit Limit (Q1): 11",https://echo.epa.gov/detailed-facility-report?fid=VA0091383,https://echo.epa.gov/detailed-facility-report?fid=VA0091383#cwa-discharge-monitoring,,epa_echo_dmr,VA0091383,EPA ECHO target permit: VA0091383,,,0.00,2026-02-24T05:34:32.996901
VA,Loudoun Water,Annual Comprehensive Financial Report 2024,2024-01-01T00:00:00,,,,https://www.loudounwater.org/about/comprehensive-annual-financial-reports,https://www.loudounwater.org/sites/default/files/LCSA_2024_AnnualReport-Final_0.pdf,,va_loudoun_acfr,,Loudoun Water ACFR — data center water sales,,,0.00,2026-03-16T04:25:22.582670
VA,Loudoun Water,Annual Comprehensive Financial Report 2023,2023-01-01T00:00:00,,,,https://www.loudounwater.org/about/comprehensive-annual-financial-reports,https://www.loudounwater.org/sites/default/files/ACFR%202023_AnnualReport-web_0.pdf,,va_loudoun_acfr,,Loudoun Water ACFR — data center water sales,,,0.00,2026-03-16T04:25:30.059606
VA,Loudoun Water,Annual Comprehensive Financial Report 2022,2022-01-01T00:00:00,,,,https://www.loudounwater.org/about/comprehensive-annual-financial-reports,https://www.loudounwater.org/sites/default/files/LCSA_2022_AnnualReport_FINAL-Web%20version.pdf,,va_loudoun_acfr,,Loudoun Water ACFR — data center water sales,,,0.00,2026-03-16T04:25:37.814913
VA,Loudoun Water,Annual Comprehensive Financial Report 2021,2021-01-01T00:00:00,,,,https://www.loudounwater.org/about/comprehensive-annual-financial-reports,https://www.loudounwater.org/sites/default/files/LCSA_2021_AnnualReport_web_03.2023.pdf,,va_loudoun_acfr,,Loudoun Water ACFR — data center water sales,,,0.00,2026-03-16T04:25:46.906854
VA,Loudoun Water,Annual Comprehensive Financial Report 2020,2020-01-01T00:00:00,,,,https://www.loudounwater.org/about/comprehensive-annual-financial-reports,https://www.loudounwater.org/sites/default/files/LCSA_2020_AnnualReport_Web_0.pdf,,va_loudoun_acfr,,Loudoun Water ACFR — data center water sales,,,0.00,2026-03-16T04:25:54.826381
VA,Prince William County,Customer Bill of Rights,,"Customer Bill of Rights
Prince William Co; Department of Development Services
1. Customers have the right to access initial information, checklists, process
flowcharts, applications and FAQs that are easily and readily available in consistent
locations.
2. Customers have the right to a timely and thorough review of their project, after
providing a complete submission, and shall be provided concise comments with the
Co",,,https://www.pwcva.gov/assets/documents/development/bill-of-rights.pdf,https://www.pwcva.gov/assets/documents/development/bill-of-rights.pdf,data/downloads/virginia/pwc/bill-of-rights.pdf,va_pwc_eservices,,PDF link,,,0.00,2026-03-16T04:26:17.586997
VA,Prince William County,ePortal FAQs,,"Page 1 of 6
5 Co; Complex Co; You can search for status and other basic information on construction and land permits, search
for a plan, search for a code case, and view the hearings and meetings calendar.
Page 2 of 6
5 Co; Global Co; Directory.
Page 3 of 6
5 Co; Apply button.
Page 4 of 6
5 Co; Ensure the payment option box is checked on the permit application.
Page 5 of 6
5 Co; In addition, you should be able to see the 2-hour window of the inspection. See video and
user guide for instructions. You can view without an account.
Page 6 of 6
5 Co",,,https://www.pwcva.gov/assets/2021-04/eportal_faqs.pdf,https://www.pwcva.gov/assets/2021-04/eportal_faqs.pdf,data/downloads/virginia/pwc/eportal_faqs.pdf,va_pwc_eservices,,PDF link,,,0.00,2026-03-16T04:26:22.488635
VA,Prince William County,Building ePlans Guide,,"Aligned; Residential projects completed by a contractor must be submitted electronically, only homeowner
projects will be accepted as a paper submission. The Co; File names meet the File Naming Co; Page 1 of 4
Expedited Plan Review Program
5 Co; Complex Co; Development Services
Building Development Division
Co; AutoCAD - Create Bookmarks for Sheets and Views
Page 2 of 4
Expedited Plan Review Program
5 Co; Please note, if the print to pdf option is used to remove layers, bookmarks will also be removed.
Locked Plans
Please ensure plans are not locked to allow digital Co; File Naming Co; Files for the first submission, resubmissions, and revisions shall be named in accordance with Table 4
below.
Table 4. File Naming Co; Document Submission Filename
Building Development
First Submission Original name from Co; Add to the original filenames
above the revision number
Page 3 of 4
Expedited Plan Review Program
5 Co; Development Services
Building Development Division
Fees
Review fees will be invoiced after the submission has passed Quality Co; Page 4 of 4
Expedited Plan Review Program
5 Co",,,https://www.pwcva.gov/assets/2021-04/customereplansguide.pdf,https://www.pwcva.gov/assets/2021-04/customereplansguide.pdf,data/downloads/virginia/pwc/customereplansguide.pdf,va_pwc_eservices,,PDF link,,,0.00,2026-03-16T04:26:29.767683
VA,Prince William County,Fire Marshal ePlan Guide,,"In response to COVID-19, Prince William Co; A full guide for ePlan submission can be found here.

Fire Marshal Office ePlan
Presentation
Getting Started
ePortal
Submission and File Requirements
Quality Co; Code Co; Fire Protection Permit Application
o
FMO ePlan QA Checklist
o

Preparing for Submission, Co; Preparing for Submission, Co; Verify the security features prior to
submitting by accessing the documents
applied.
security screen in your pdf reader

Preparing for Submission, Co; Plans and documents shall be digitally credentialed with an
engineer's seal or NICET certification.

Preparing for Submission, Co; Quality Co; Review

QC Review
QC Review Process QC Co",,,https://www.pwcva.gov/assets/documents/development/FMO ePlans Guide.pdf,https://www.pwcva.gov/assets/documents/development/FMO ePlans Guide.pdf,data/downloads/virginia/pwc/FMO_ePlans_Guide.pdf,va_pwc_eservices,,PDF link,,,0.00,2026-03-16T04:26:37.707927
VA,Prince William County,Photocopy Charges,,,,,https://www.pwcva.gov/assets/2021-04/photo_copy_charges_list.pdf,https://www.pwcva.gov/assets/2021-04/photo_copy_charges_list.pdf,data/downloads/virginia/pwc/photo_copy_charges_list.pdf,va_pwc_eservices,,PDF link,,,0.00,2026-03-16T04:26:44.338450
VA,Prince William Water,Prince William Water Industrial User Survey — March 2024,2024-03-01T00:00:00,"Meta; General
1. Company; City, State, and Zip Co; Person Providing the Information Co; SIC Co; Cooling Water, Non-contact
Co; Water, Co; Cooling Tower Blow-down
Air Pollution Co; Soap and detergent manufacturing
Co; Mobile washwater services
Paints, Co; If the response is Yes to any chemical, indicate
whether a discharge, disposal, or release to the
sewer system has occurred.
Chemical
Release to
Yes No Discharge Disposal Sewer
System
Fluorinated Chemicals
Stain or Water Repellents
Mist Suppressants or Co; Products
Surfactants
Dispersants
Anti-adhesives or Non-stick Agents
Friction Co; Electrostatic Co; Agents
Heat Resistant or Co; Toxic Substances Co; Number Principal Chemical Co; Batch Co; To Sanitary Sewer
a. Process
b. Sanitary
c. Co; To Storm Sewer
To Surface Water
To Ground Water
To Waste Hauler
To Evaporation
Co; Regulatory Co",,,https://princewilliamwater.org/sites/default/files/IUS_March%202024.pdf,https://princewilliamwater.org/sites/default/files/IUS_March%202024.pdf,data/downloads/va/prince-william-water/pwc_ius_2024.pdf,va_pwc_ius,,Prince William Water Industrial User Survey — data center ERU allocations,,Cooling Tower; gallons per day; gpd; discharge,0.40,2026-03-16T04:27:02.001999
OH,Ohio EPA,"eDocument Search
	
QUICK LINKS
Learn to do a Successful Search
Review Frequently Asked Questions
Learn About Ohio's Public Records Law
Submit a Public Records Request or Request a File Review
Report Technical Difficulties or Suggest Improvements
Contact Ohio EPA's Public Records Manager",,"Secondary ID
b. Entity Name
c. Co; Search button on
the bottom of the page.
c. Add multiple search fields for each keyword by selecting the plus sign button next to the question
mark to the right of the keyword field. For example, a search can be done for multiple counties by
selecting Cuyahoga Co; XYZ Co.; XYZ Company; XYZ, LLC",,,http://epa.ohio.gov/static/Portals/33/documents/eDocument+Basic+user+search+tips.pdf,http://epa.ohio.gov/static/Portals/33/documents/eDocument+Basic+user+search+tips.pdf,data/downloads/ohio/epa/oh_epa_oh-epa-0-data-center.pdf,oh_epa_edocument,,Ohio EPA full-text search: 'data center',,,0.00,2026-03-16T04:27:38.716350
OH,Ohio EPA,"From Date:


	To Date:",,,,,https://edocpub.epa.ohio.gov/publicportal/edochome.aspx,,,oh_epa_edocument,,Ohio EPA full-text search: 'data center',,,0.00,2026-03-16T04:27:42.365207
OH,Ohio EPA,SuMoTuWeThFrSa,,,,,https://edocpub.epa.ohio.gov/publicportal/edochome.aspx,,,oh_epa_edocument,,Ohio EPA full-text search: 'data center',,,0.00,2026-03-16T04:27:46.019479
OH,Ohio EPA,22232425262728,,,,,https://edocpub.epa.ohio.gov/publicportal/edochome.aspx,,,oh_epa_edocument,,Ohio EPA full-text search: 'data center',,,0.00,2026-03-16T04:27:48.931282
OH,Ohio EPA,891011121314,,,,,https://edocpub.epa.ohio.gov/publicportal/edochome.aspx,,,oh_epa_edocument,,Ohio EPA full-text search: 'data center',,,0.00,2026-03-16T04:27:52.766349
OH,Columbus City Council,"PN0109-2026: Notice/Advertisement Title: Public Utilities and Sustainability Committee: Data Center Hearing Minutes
Contact Name: Chelsea Golterman
Contact Telephone Number: 614-645-3091
Contact Email Address: CLGolterman",2026-03-12T00:00:00,,,,https://columbus.legistar.com/LegislationDetail.aspx?ID=136745,,,oh_columbus_legistar,,"Legistar API: substringof('data center',MatterTitle)",,,0.00,2026-03-16T04:28:20.095103
OH,Columbus City Council,"PN0062-2026: Notice/Advertisement Title: Public Utilities and Sustainability Committee Hearing: Data Centers
Contact Name: Chelsea Golterman
Contact Telephone Number: 614-645-3091
Contact Email Address: CLGolterman@columbus.gov",2026-02-11T00:00:00,,,,https://columbus.legistar.com/LegislationDetail.aspx?ID=136380,,,oh_columbus_legistar,,"Legistar API: substringof('data center',MatterTitle)",,,0.00,2026-03-16T04:28:29.407966
OH,Columbus City Council,"3069-2024: To authorize the Director of Finance and Management, on behalf of the Department of Technology, to enter into contract with Mako Power LLC for the purchase and installation of two hundred and thirty-two (232) UPS batteries, and subsequent environmentally sound disposal of aged UPS Batteries at Data Center West; to authorize the expenditure of up to $66,044.00 from the Information Services Division’s Operating Fund; and to declare an emergency.  ($66,044.00)",2024-11-01T00:00:00,,,,https://columbus.legistar.com/LegislationDetail.aspx?ID=131830,https://legistar3.granicus.com/Columbus/attachments/5f727f9a-9c3e-4643-92b7-c30961328103.xlsx,data/downloads/ohio/columbus/RFQ028877_DoT_DCWest_UPS_Battery_Replacement_2024_Bid_Tabulation_Report,oh_columbus_legistar,,"Legistar API: substringof('data center',MatterTitle)",,,0.00,2026-03-16T04:28:37.454471
OH,Columbus City Council,"2997-2024: To authorize the Director of the Department of Technology to renew a contract with The Jasper Group International, Inc. for extended warranty, maintenance, support and monitoring services for Hewlett Packard servers and EMC data storage equipment and data center systems; to authorize the expenditure of $64,034.00 from the Department of Technology, Information Services Operating Fund; and to declare an emergency. ($64,034.00).",2024-10-25T00:00:00,,,,https://columbus.legistar.com/LegislationDetail.aspx?ID=131753,https://legistar3.granicus.com/Columbus/attachments/b1f90c5b-b66b-4213-a1cd-2ba5cc24d68e.pdf,data/downloads/ohio/columbus/City_of_Columbus_Quote,oh_columbus_legistar,,"Legistar API: substringof('data center',MatterTitle)",,,0.00,2026-03-16T04:28:46.204215
OH,Columbus City Council,"2763-2022: To authorize the Director of the Department of Technology to renew a contract with The Jasper Group International, Inc. for extended warranty, maintenance, support and monitoring services for Hewlett Packard servers and EMC data storage equipment and data center systems; to authorize the expenditure of $49,476.00 from the Department of Technology, Information Services Operating Fund; and to declare an emergency. ($49,476.00).",2022-10-03T00:00:00,,,,https://columbus.legistar.com/LegislationDetail.aspx?ID=124301,https://legistar3.granicus.com/Columbus/attachments/ef676f3a-562f-4589-a57f-c3ac5840d3f0.docx,data/downloads/ohio/columbus/2763-2022_ITB_Consolidated_Hardware_Maintenance_Bid_Specs_2021,oh_columbus_legistar,,"Legistar API: substringof('data center',MatterTitle)",,,0.00,2026-03-16T04:28:52.324332
OH,Columbus City Utilities Board,Utility Standards,,"AWS; Meta; Table of Co; Administrative ..............................................................................................6
1.01 Introduction ...................................................................................................................6
1.02 Co; Master Plan .................................................6
1.03 Requirements for Acceptance into Co; Pipe and Fittings ............................................................... 15
E. Co; Tracer Wire .................................................................................................................. 19
H. Utility Marker ............................................................................................................................. 20
2.04 Sanitary Sewer Manhole Materials..............................................................................21
A. General ........................................................................................................................................ 21
B. Pre-cast Co; Manhole ......................................................................................................... 21
C. Co; C. Swing Check Valves ................................................................................................................... 26
D. Sewage Co; Except Sewage Co; Pipe and Fittings ............. 38
Page 2 of 112

F. Co; Water Service Co; I. Settlement of Trenches................................................................................................................ 61
J. Pre-Fabricated Trench Baffles .................................................................................................... 61
K. Co; Highway, Street, and Drive Replacement .................................................................... 61
L. Portland Cement Co; Drive Replacement .......................................................................... 62
M. Co; Curb and Gutter Replacement ................................................................................. 62
N. Mailbox, Culvert, Clothes Line Posts, Fences and other Replacements ..................................... 62
O. New Sanitary Sewer to Existing Manhole Co; Sanitary Sewer Manhole Installation ...........................................................................63
A. Excavation for Manhole Installation ........................................................................................... 63
B. Manhole Bedding ........................................................................................................................ 63
C. Manhole Lining ........................................................................................................................... 64
D. Co; Existing Pump Station to Manhole .......................................................................... 65
E. Co; Highway, Street, and Drive Replacement .................................................................... 65
F. Co; I. Settlement of Trenches................................................................................................................ 70
J. Pre-Fabricated Trench Baffles .................................................................................................... 70
K. Co; Highway, Street, and Drive Replacement .................................................................... 71
L. Portland Cement Co; Drive Replacement .......................................................................... 71
M. Co; Curb and Gutter Replacement ................................................................................. 71
N. Mailbox, Culvert, Clothes Line Posts, Fences and other Replacements ..................................... 71
O. Rip-Rap Stream Bank Slope Protection ...................................................................................... 71
P. Water Main Termination ............................................................................................................. 71
Chapter 6 - Sanitary Sewer Inspection, Testing, and Acceptance ..............................................72
6.01 Introduction .................................................................................................................72
6.02 Testing .........................................................................................................................72
A. Gravity Sanitary Sewers.............................................................................................................. 72
B. Sanitary Sewer Forcemains ......................................................................................................... 74
C. Sanitary Sewer Manholes............................................................................................................ 78
Chapter 7 - Water Inspection, Testing, and Acceptance .............................................................81
7.01 Introduction .................................................................................................................81
7.02 Testing .........................................................................................................................81
A. Water Distribution Systems ........................................................................................................ 81
Chapter 8 - Sanitary Sewer Lift Stations ....................................................................................87
8.01 Introduction .................................................................................................................87
8.02 Lift Station Site Requirements ....................................................................................87
A. Security Fencing ......................................................................................................................... 87
B. General Site ................................................................................................................................. 88
8.03 Type I Pump Station ....................................................................................................88
A. Scope of Work ............................................................................................................................ 88
B. Products....................................................................................................................................... 90
C. Execution .................................................................................................................................. 104
Page 4 of 112

Appendices ................................................................................................................................................ 107
Standard Co; City Utilities Documents ........................................................................................... 108
Standard Co; Use
of other materials, installation practices and testing not specified herein will be allowed
only with the prior written approval and authorization from the Co; City Utilities
Executive Director. The Standard Specifications and Details may be revised by Co; City Utilities without notice.
1.02 Co; Information provided by the
Developer and Design Engineer will be used to verify the conformity of the proposed
project to the Master Plan. Co; City Utilities will then provide the Developer and
Design Engineer with the required facility size for their use in design.
1.03 Requirements for Acceptance into Co; City Utilities System
The following requirements shall be met prior to Co; Infrastructure shall be constructed in accordance with the approved plans and
specifications.
2. The infrastructure shall pass all testing described in the approved specifications and
be witnessed by Co; City Utilities.
3. The Developer shall tender donation of title and ownership of the system to Co; City Utilities.
4. The Co; Utilities against imperfections of the system.
Page 6 of 112

5. Record Drawings shall be provided to Co; City Utilities once construction is
complete.
6. The Developer shall enter into an agreement with Co; City Utilities per Indiana
Regulatory Co; Easement Requirements
A. Sanitary Sewer Easement Requirements
Easements shall be exclusive Sanitary Sewer Easements and shall be dedicated and
recorded solely for the benefit of the Co; Greater than 20 feet 40
All sanitary sewers shall be centered in the easement. For those sanitary sewers
constructed in the public right-of-way, the easement shall extend the distance
outside the right-of-way necessary to provide the required easement width.
In residential development, as approved by Co; Sanitary Sewers Twenty-Four Inc; The easement width will be determined on a case-by-case basis by Co; B. Lift Station Property Requirements
The minimum property requirements for lift stations are included in the attached Standard
Details. The property requirements for lift stations may, at the discretion of Co; City Utilities, be modified on a case-by-case basis.
C. Water System Requirements
Co; GIS system referencing the
Indiana East State Plane Co; Provisions must allow Co; Site conditions or facility requirements may require a departure from the standard
easement requirements. Co; Columbus City Utilities service area.
Use of other materials not specified herein will be allowed only with the written approval
and authorization from Co; City Utilities Executive Director.
2.02 Gravity Sanitary Sewer Materials
A. General
1. Co; Each length of pipe shall be marked per the requirements of the respective ASTM
standard. Upon request, the Co; PVC Pipe shall be installed where indicated on the Co; PVC Fittings shall only be installed on sanitary service laterals and new
sewer mains for service lateral wye fittings, as required.
4. Pipe must be delivered to job site by means which will adequately support it, and not
subject it to undue stresses. In particular, the load shall be so supported that the bottom
rows of pipe are not damaged by crushing. Pipe shall be unloaded carefully and strung
or stored as close to the final point of placement as is practical. Pipe shall not be stored
Page 10 of 112

outside where subject to sunlight.
5. Jointing of PVC pipe shall be by a natural rubber ring inserted into the belled end of
the pipe or double hub joints. Solvent weld joints are not acceptable.
6. The PVC pipe manufacturer shall provide special fittings, acceptable to Co; PVC Gravity Lateral Service Co; Type of Utility Co; Reef Industries, Inc.; Forcemain Materials
A. General
1. Co; Pipe shall be Green in Co; AWWA C110 shown therein. Fittings shall have mechanical joints meeting the
current requirements of AWWA C111. Fittings shall have interior cement-mortar
lining as specified for the pipe. Co; The pipe shall be designed for a normal internal working pressure
and earth cover over top of the pipe to suit the conditions of proposed use.
5. Pipe made from these resins must have a long-term strength rating of 1,600 psi or
more.
6. The polyethylene resin shall contain antioxidants and shall be stabilized with carbon
black against ultra-violet degradation to provide protection during processing and
subsequent weather exposure.
7. The polyethylene resin compound shall have a resistance to environmental stress
cracking as determined by the procedure detailed in ASTM D 1693, Co; Name, Trademark and Co; The machines shall be equipped with a McElroy
Datalogger to record fusion pressure and temperature. The machines shall be
equipped with an electric or gasoline engine powered facing unit to trim
irregularities from the pipe ends. The heating plate on the fusion machine shall be
electrically heated and thermostatically controlled and shall contain a temperature
gauge for monitoring temperature. All datalogger information shall be submitted
electronically to Co; City Utilities.
c. Joint strength must be equal to that of adjacent pipe as demonstrated by tensile
test. In addition, results of tensile impact testing of joint should indicate a ductile
rather than a brittle fracture. External appearance of fusion bead should be smooth
without significant juncture groove.
E. Co; Adapters
1. Co; The minimum length of the middle ring shall be
5-inches for pipe sizes up to 10 inches and 7 inches for pipe 10 inches to 30 inches.
Page 17 of 112

The pipe stop shall be removed.
c. Gaskets shall be suitable for 250 psi pressure rating or at rated working pressure
of the connecting pipe. Co; Page 18 of 112

Type of Utility Co; ASTM D1248, 30-volt rating. The wire shall be
continuous with no fabricated or field construction connections interrupting the
wires continuity from end to end. Wire insulation shall be highly resistant to acids,
alkalis, and other destructive substances commonly found in soil.
b. Tracer wire shall be 1030 HS as manufactured by Co; Industries LLC; Tracer wire shall be 1045 EHS SoloShot as manufactured by Co; Open cut excavation splice kit shall be DryCo; Copperhead Industries, Inc.; Copperhead Industries LLC; Emergency Co; Marker post shall be Model PMP-7CE with
Lid C2 as manufactured by Handley Industries, Inc.; Carsonite
Co; Positive
drainage away from the manhole shall be provided. Manholes shall not to be buried.
B. Pre-cast Co; Refer to Standard Details for required
manhole diameter for sanitary sewer pipe diameter.
3. Co; ASTM C478.
4. Precast Co; Eccentric Co; CS-212 as manufactured by Co; Manhole inverts shall be formed with 3,000 psi concrete. Inverts
shall be constructed as shown on the Co; Drawings and shall form a smooth
finish. The inverts shall be constructed on site after both inlet and outlet pipes are
installed. With review and approval by Co; Manhole frame and cover weight to be minimum of 250 pounds.
11. Standard Manhole Frame and Co; Manhole covers must set neatly in the rings, with contact edges machined for even
bearing and tops flush with ring edge. Co; The
covers shall have two concealed pick holes. Co; Bolt Down Watertight Manhole Frame and Co; Pipe Co; Lock gaskets or approved equal shall be used. Co; The forcemain shall connect to the manhole as close
to the invert as possible and shall be directed to flow directly into the manhole effluent
pipe. On a case-by-case basis, Co; City Utilities shall require the forcemain
discharge manhole, as well as the two proceeding manholes downstream of the
discharge manhole to be coated with an epoxy liner system. The liner system shall be
Mainstay, or Co; City Utilities approved equal.
17. Precast Co; Drop Co; Couplings
1. When joining different types of pipe together or new pipe to existing pipe, the
Co; D. Sewage Co; Vacuum Release Valves Manholes
Page 26 of 112

1. Sewage Co; Air Valves and Boxes shall be installed at the high points of the
force main and at various locations as shown on the Co; Drawings. Sewage
Co; Stainless Steel.
10. All Sewage Co; Air Valves on the force main shall be ARI model no. D-025
as manufactured by A.R.I. Flow Co; The Sewage Co; Air Valve Access Manhole shall be a 4-foot diameter
precast manhole barrel section and shall be set on a concrete footer supported with
crushed stone. The cover and frame shall be cast iron, with a 24-inch clear opening as
indicated for Sanitary Manhole hereinbefore. Care shall be taken to ensure that
Page 27 of 112

manhole barrel does not rest on top of pipe.
13. Co; Valve box
centering device shall be Box-Seat as manufactured by QWP, Box Lok as
manufactured by Trumbull, or approved equal. Valve boxes and covers shall be as
manufactured by Tyler Corp; Opelika Foundry, Bingham & Taylor, or
approved equal.
2. Co; Elastomeric check valves shall be Series TF-2 as manufactured by the Red Valve Co.; The gate's sealing system shall have been tested through a cycle test in an abrasive
environment and should show that the leakage requirements are still obtained after
25,000 cycles with a minimum deterioration. Certification of this testing shall be
provided to Co; Model GH-46 as manufactured by Golden Harvest, Inc.; Columbus City
Utilities service area. Use of other materials not specified herein will be allowed only with the
written approval and authorization from the COLUMBUS CITY UTILITIES Executive Director.
3.02 Water Distribution Piping Materials
A. General
1. Co; The pipe sizes to
be used throughout the proposed development shall be established by the Developer
and confirmed by Co; Only on a case-by-case basis as approved by Co; All pipe joints and fittings shall be restrained for lengths indicated in the Standard
Details. Pipe joints and fittings at ends left for future connections shall be restrained
per lengths indicated. Co; Restraints shall have same pressure rating as the pipe.
8. Restrained push-on joint pipe and fittings shall be capable of being deflected after
assembly.
9. All ductile iron pipe and fittings shall be fabricated by the same pipe manufacturer.
10. Where spigot end of restrained joint pipe connects with valves or other items that have
mechanical-joint ends, connection shall be made with a restrained mechanical-joint
gland. Restrained mechanical-joint connection shall be manufactured by EBAA Iron,
Page 33 of 112

Inc.; PVC pipe shall have a maximum laying length of 20 feet,
with bell end and elastomeric gasket, and with plain end for cast-iron or ductile-iron
fittings. Elastomeric gasket shall conform with the requirements of ASTM F-477. The
seal of the National Sanitation Foundation Testing Laboratory must appear on each
pipe.
2. Pipe shall be Blue in Co; National Sanitation Foundation NSF 14 Seal of Approval for drinking
water.
4. The basis of acceptance of PVC plastic water main pipe will be a written, notarized
certification, accompanied by a copy of test results, that the pipe and pipe material has
been sampled, tested and inspected in accordance with the designated standard
specifications. These certifications shall be obtained from the manufacturer and
delivered to Co; A sufficient
number of tests and certifications shall be made so as to be representative of the
complete project. Co; A21.10, latest revision, and
shall conform to the details and dimensions shown therein. Fittings shall have interior
cement-mortar lining as specified hereinbefore for the pipe. Co; Pipe shall be blue in color.
6. The pipe shall contain no recycled compounds except that generated in the
manufacturer's own plant from resin of the same specification from the same raw
material. The pipe shall be homogeneous throughout and free of visible cracks, holes,
foreign inclusions, voids, or other injurious defects.
7. Pipe made from these resins must have a long-term strength rating of 1,600 psi or
more.
8. The polyethylene resin shall contain antioxidants and shall be stabilized with carbon
black against ultra-violet degradation to provide protection during processing and
subsequent weather exposure.
9. The polyethylene resin compound shall have a resistance to environmental stress
cracking as determined by the procedure detailed in ASTM D 1693, Co; Small Diameter HDPE Water Service Lines shall be one continuous length of pipe
from the water main to the meter pit, unless otherwise approved.
b. Pipe jointing shall only be permitted on a case-by-case basis as approved by
Co; Page 37 of 112

monitor fusion pressures. The machines shall be equipped with a McElroy
Datalogger to record fusion pressure and temperature. The machines shall be
equipped with an electric or gasoline engine powered facing unit to trim
irregularities from the pipe ends. The heating plate on the fusion machine shall be
electrically heated and thermostatically controlled and shall contain a temperature
gauge for monitoring temperature. All datalogger information shall be submitted
electronically to Co; Pipe shall be black in color with blue striping.
6. The pipe shall contain no recycled compounds except that generated in the
manufacturer's own plant from resin of the same specification from the same raw
material. The pipe shall be homogeneous throughout and free of visible cracks, holes,
foreign inclusions, voids, or other injurious defects.
7. Pipe made from these resins must have a long-term strength rating of 1,600 psi or
more.
Page 38 of 112

8. The polyethylene resin shall contain antioxidants and shall be stabilized with carbon
black against ultra-violet degradation to provide protection during processing and
subsequent weather exposure.
9. The polyethylene resin compound shall have a resistance to environmental stress
cracking as determined by the procedure detailed in ASTM D 1693, Co; City Utilities.
c. Joint strength must be equal to that of adjacent pipe as demonstrated by tensile
test. In addition, results of tensile impact testing of joint should indicate a ductile
rather than a brittle fracture. External appearance of fusion bead should be smooth
without significant juncture groove.
d. Threaded or solvent cement joints and connections are not permitted.
F. Co; The minimum length of the middle ring shall be
5-inches for pipe sizes up to 10 inches and 7 inches for pipe 10 inches to 30 inches.
The pipe stop shall be removed.
c. Gaskets shall be suitable for 250 psi pressure rating or at rated working pressure
of the connecting pipe. Co; Corp. Stop Ford Meter Box Co.; Bend Ford Meter Box Co.; Yoke Bar Ford Meter Box Co.; Yoke Ell Ford Meter Box Co.; Ford Meter Box Co.; Service Saddle Ford Meter Box Co.; FB1600-7
Meter Setter Ford Meter Box Co.; Service
Meter Pit Monitor Ford Meter Box Co.; Service
Meter Pit Ring & Lid Ford Meter Box Co.; Service
1. Corp; Corporation stops shall have AWWA C800-66 C.S. threaded inlet. Outlets shall be
suitable for the type of service piping furnished and laid, and the Co; Meter pits shall adhere to Co; Refer to Co; City Utilities Standard Details.
2. Meter Vaults are owned by the Property Owner. Property Owner is required to
exercise and maintain valves in vault.
3.03 Water Valves
A. General
1. Co; Each gate valve shall be
installed in a vertical position with a valve box. Co; Page 46 of 112

strength plastic valve box aligner shall be installed within the valve box, centered
about the extension stem and located under the operating nut. All gate valves shall be
encased in polyethylene film.
9. Gate valves shall be Model Series 2361 resilient wedge gate valves as manufactured
by Mueller Company; JCM 432 by JCM Industries, H-
304 by Mueller Company; Coordinate with Co; All existing water mains to be tapped under this Co; Valve
and Primer Corp; T-handle operating wrenches for underground
valves. Nut operator extensions for all valves buried deeper than 3 feet shall be
provided with stem extensions sufficient to raise operator nut to within 3 feet of
finished grade.
3. Valve boxes shall have extension stems, where necessary when operating nut is raised
to be within 3 feet of the existing grade.
3.04 Hydrants
A. Yard Hydrants
1. Yard hydrants shall be installed where described on the Drawings or directed by
Co; Exposed portions of hydrants shall be factory painted with an enamel finish.
Co; B. Fire Hydrants
1. The Co; Drawings or directed by Co; Hydrant shoe shall have protective, thermosetting epoxy coating applied inside and
out before assembly. Prior to application of coating, shoes shall be mechanically and
chemically cleaned in compliance with SSPC Standards SP-5 and SP-8. A minimum
average dry film thickness of 3 mils shall be applied on interior and exterior surfaces
of hydrant shoe. Co; Engineer
after taking into account the actual trench loads that may result and the strength of
the pipe being used. The Co; The trench shall be straight and uniform so as to permit laying pipe to lines and
grades shown on the drawings. It shall be kept free of water during the laying of the
pipe and until the pipeline has been backfilled. Removal of trench water shall be at
the Co; Class I, II, III, or IV materials per
ASTM C12. Inc; Backfill in Public Right-of-Way
shall be approved by City Engineering Department.
c. Co; Before final acceptance, the Co; The Co; In the event that pavement is not placed immediately following trench backfilling
in streets and highways, the Co; Contractor shall meet with
Co; City Utilities to establish locations of tracer wire terminating
boxes before beginning pipe installation. The wire shall be one continuous
piece from end to end.
e. For each wire installed, Co; Contractor shall test tracer wire using Co; If the tracer wire
is found to be not continuous after testing, Co; In the event tracer wire cannot be installed as one continuous piece from end to
end for Open Cut Excavation, Co; Contractor shall
test each tracer wire using Co; If the tracer wire is
found to be not continuous after testing, Co; Drawings, unless otherwise directed by Co; City Utilities.
Marker locations shall be approved by Co; I. Settlement of Trenches
1. Whenever lines are in, or cross, driveways and streets, the Co; If paving shall
require replacement because of trench settlement within this time, it shall be
replaced by the Co; Columbus City Utilities. Repair
of settlement damage shall meet the approval of Co; City Utilities, City
of Co; Contractor shall insure that the correct line and
grade of the pipe is maintained before backfilling around the trench baffle.
K. Co; Highway, Street, and Drive Replacement
1. The Co; He
shall construct same to the original lines and grades and in such manner as to leave
all such surfaces in fully as good or better condition than that which existed prior
to the operations.
Page 61 of 112

2. Co; City of Co; Engineering Standards.
L. Portland Cement Co; Drive Replacement
1. Wherever Portland cement concrete driveways are removed, they shall be
reconstructed to the original lines and grades and in such manner as to leave all
such surfaces in fully as good or better condition than existed prior to the
operation.
2. Co; City
of Co; Engineering Standards.
M. Co; Curb and Gutter Replacement
1. The Co; Only that portion of the curb and gutter needed to lay the
sewer line shall be removed.
2. Co; Engineering Standards.
N. Mailbox, Culvert, Clothes Line Posts, Fences and other Replacements
1. Existing mail boxes, drainage culverts, clothes line posts, fences and the like shall
not be damaged or disturbed unless necessary, in which case, they shall be replaced
in as good condition as found as quickly as possible. Existing materials shall be
reused in replacing such facilities when materials have not been damaged by the
Co; Existing facilities damaged by Co; Contractor's expense.
2. Replacement of paved drainage ditches within highway right-of-way shall
be accomplished in accordance with Department of Transportation
specifications.
O. New Sanitary Sewer to Existing Manhole Co; Core Drill existing structure and connect with flexible, watertight connection.
Bench shall be reconstructed per Co; City Utilities Standards.
2. At the time the new sewer is placed into permanent service, as designated by
Co; City Utilities, the Co; Page 62 of 112

the manhole, patch and seal the wall with an expansive cement mortar, construct
new manhole bench in accordance with the standard details, and remove plug
from the new sewer. All temporary pumping, piping, excavation, etc. as
required to maintain or divert the sewage flow shall be included by the
Co; The excavation shall be straight and uniform so as to permit installation of the
manhole to lines and grades shown on the drawings. It shall be kept free of water
during the installation of the manhole and until the manhole has been backfilled.
Removal of water shall be at the Co; C. Manhole Lining
1. All manholes with a forcemain discharge connection, and three manholes
downstream of such a connection shall receive a protective lining.
2. Protective Lining system shall be Mainstay Co; Liner System by Madewell
Products Corp; Mainstay ML-72
c. Co; Madewell 806 Flexible Epoxy
3. The liner system shall be accompanied by a warranty against failure for a
minimum of 10-years and be transferable to Co; Failure of the liner to protect against the interior deterioration or corrosion
of the structure.
b. Failure to protect the substrate and environment from contamination by
effluent.
c. Failure to prevent groundwater infiltration.
Any such failures shall be repaired and restored at no cost to Co; City
Page 64 of 112

Utilities within 60 days of notice of failure.
D. Co; Columbus City Utilities
Standards. New outlet pipe openings shall be core drilled in the wall of the
structure, and the pipe installed with a PSX Direct Drive Manhole Adapter, or
approved equal. Areas around pipe shall be grouted to achieve a smooth surface.
E. Co; Highway, Street, and Drive Replacement
1. Reference Section 4.02 K of this document.
F. Co; Curb and Gutter Replacement
1. Reference Section 4.02 M of this document.
G. Mailbox, Culvert, Clothes Line Posts, Fences and other Replacements
1. Reference Section 4.02 N of this document.
H. Manhole Frame Installation
1. The manhole frame casting shall be centered over the opening in the cone or
grade ring of the manhole, with a bituminous mastic joint sealing compound
applied between the concrete and the casting.
2. The frame shall be bolted to the cone or grade ring with wedge anchors.
Page 65 of 112

Chapter 5 - Water Installation
5.01 Introduction
The following Chapter addresses the minimum requirements for the installation of
water distribution facilities.
5.02 Hydrant Installation
A. Valves
1. Location
a. Valves shall be spaced no greater than 600 feet apart on water mains 12-inches
and smaller.
b. Valves shall be spaced no greater than 1,200 feet apart on water mains 16-inches
and larger.
B. Fire Hydrants
1. Location
a. Fire hydrants shall be spaced no greater than 500 feet apart.
b. Hydrants shall be located as shown or as directed by Co; City Utilities so
as to provide complete accessibility and minimize the possibility of damage from
vehicles or injury to pedestrians.
c. When placed behind the curb, the hydrant barrel shall be set so that the pumper
or hose nozzle cap will be a minimum of 18-inches and a maximum of 24-inches
from the back of curb in developed areas.
d. When placed behind the edge of pavement, the hydrant barrel shall be set so that
the pumper or hose nozzle cap will be a minimum of 3-feet and a maximum of 5-
feet from the edge of pavement in undeveloped areas. Deviations from these
standards will only be allowed at Co; Hydrants shall be located as shown on the Co; Drawings or as
directed by Co; Details in the Drawings, or
as directed by Co; Yard hydrants located on sanitary sewer lift station sites are not required to be
metered.
Page 67 of 112

b. Other yard hydrant installations may require metering as determined by
Co; Hydrants shall be set plumb and to the established grade.
3. Co; The bowl of each hydrant shall be tied to the pipe with suitable anchor couplings, as
directed by Co; Engineer after taking into account
the actual trench loads that may result and the strength of the pipe being used. The
Co; The trench shall be straight and uniform so as to permit laying pipe to lines and grades
shown on the Drawings. It shall be kept free of water during the laying of the pipe and
until the pipeline has been backfilled. Removal of trench water shall be at the
Co; Reference Section 4.02 H of this document.
I. Settlement of Trenches
1. Reference Section 4.02 I of this document.
J. Pre-Fabricated Trench Baffles
1. Reference Section 4.02 J of this document.
Page 70 of 112

K. Co; Highway, Street, and Drive Replacement
1. Reference Section 4.02 K of this document.
L. Portland Cement Co; Drive Replacement
1. Reference Section 4.02 L of this document.
M. Co; Curb and Gutter Replacement
1. Reference Section 4.02 M of this document.
N. Mailbox, Culvert, Clothes Line Posts, Fences and other Replacements
1. Reference Section 4.02 N of this document.
O. Rip-Rap Stream Bank Slope Protection
1. Reference Section 4.02 O of this document.
P. Water Main Termination
1. All water mains shall be terminated with a perpendicular hydrant tee and hydrant
assembly, Gate Valve the size of the water main, and restraint ductile iron cap or
plug.
Page 71 of 112

Chapter 6 - Sanitary Sewer Inspection, Testing, and Acceptance
6.01 Introduction
The following Chapter describes the minimum requirements and general procedures for the
inspection and testing of sanitary and storm sewers to be dedicated to Co; City
Utilities.
Any section of sewer not passing the tests prescribed herein shall be repaired to the
satisfaction and approval of Co; Upon completion of installation of the piping and appurtenances, the
Co; Work. The Co; Provide post installation sanitary sewer line jet
cleaning and television inspection of the sewer line. All video recordings are to be
turned over to Co; City Utilities for Engineer review and final approval.
Any video deemed incomplete or otherwise deficient shall be re-televised before
Co; All lines or sections of lines that are found to
be laid improperly with respect to line or grade, that are found to contain broken
or leaking sections of pipe, or are obstructed in such a manner that they cannot
be satisfactorily corrected otherwise, shall be removed and replaced at the
Page 72 of 112

Co; To test for leaks, all completed piping as specified herein after backfilling
shall be tested by low-pressure air test, exfiltration, or infiltration test.
Should the low pressure air test results be inconclusive, an exfiltration or
infiltration test will be required on the low pressure air tested segments.
Labor, equipment and supplies required for all tests shall be furnished by
the Co; In order to test for infiltration Co; To test for infiltration, Co; City Utilities may also
require that the Co; Infiltration tests
Page 73 of 112

shall consist of weir measurement to determine quantities of any infiltration.
Measurements shall be taken at line locations determined on-site. This infiltration
test will not be made until the sewer line is completed, and the Co; Contractor at his own expense. Equipment and supplies required
from smoke tests shall be furnished by the Co; Other supplementary smoke tests prior to
backfilling may be performed by the Co; Contractor and observed by Co; All pipe, fittings, valves, and other materials found to be defective under test
shall be removed and replaced at no additional expense to Co; City
Utilities.
f. Lines which fail to meet tests shall be repaired and retested as necessary until
test requirements are complied with.
g. All water for testing shall be metered and cost of water shall be paid for
by Co; Engineer.
c. Co; City Utilities shall witness all tests. The procedure for testing shall
be approved by Co; Before testing, heat fusion joints shall be completely cooled.
Mechanical joints shall be completely assembled. Co; Testing may be conducted on the entire system or sections of the
system. Test section length shall be determined by the Co; The pipeline
shall be re-tested after a minimum 8-hour recuperation period. No
pipeline shall be placed into service or accepted by the Engineer until
it has passed the testing requirement.
vi. All water for testing shall be metered and cost of water shall be paid
for by Co; C. Sanitary Sewer Manholes
1. Testing Prior to Backfilling
Page 78 of 112

a. This specification shall govern the vacuum testing of sanitary sewer manholes and
structures and shall be used as a method of determining acceptability by
Co; City Utilities, in accepting maintenance of a sanitary sewer manhole
or structure on behalf of the public. This test shall be performed in accordance
with ASTM C 1244 prior to backfilling. Other forms of testing of some manholes
may be required, as deemed necessary by Co; All temporary plugs and braces shall be removed after each test.
Manholes will be accepted as having passed the vacuum test
requirements if they meet the criteria stated above.
Page 80 of 112

Chapter 7 - Water Inspection, Testing, and Acceptance
7.01 Introduction
The following Chapter describes the minimum requirements and general procedures for the
inspection and testing of water distribution systems to be dedicated to Co; City
Utilities.
Any section of the system not passing the tests prescribed herein shall be repaired to the
satisfaction and approval of Co; City
Utilities.
Page 82 of 112

i. Lines which fail to meet tests shall be repaired and retested as necessary until
test requirements are complied with.
j. All water for testing shall be metered and cost of water shall be paid for
by Co; City Utilities shall witness all tests. The
procedure for testing shall be approved by Co; Before testing, heat fusion joints shall be
completely cooled. Mechanical joints shall
be completely assembled. Co; Testing may be conducted on the entire
system or sections of the system. Test
section length shall be determined by the
Co; The pipeline shall
be re-tested after a minimum 8-hour
recuperation period. No pipeline shall be
placed into service or accepted by the
Engineer until it has passed the testing
requirement.
vi. All water for testing shall be metered and cost of water shall be paid
for by Co; OSHA regulations and as directed by
Co; Columbus City Utilities will collect water samples for
bacteriological testing. The main will not be approved for final connection to the
existing distribution system until sampling results are obtained and approved by
Co; AWWA C651.
Page 86 of 112

Chapter 8 - Sanitary Sewer Lift Stations
8.01 Introduction
This Chapter pertains to the requirements for the design and construction of submersible
type lift stations, which are the primary type typically constructed as part of private
development. Dry well stations are not acceptable.
Lift stations meeting or exceeding the requirements set herein will be approved. Any
proposed alteration of the pump station dimensions, equipment, controls, etc. from the
standards set forth herein will be approved only upon the submittal of plans and
specifications of the proposed changes to Co; City Utilities, and upon the
Co; Lift Station Site Requirements
A. Security Fencing
1. A security fence shall be installed at all lift station sites. The type of fencing to be used
shall be determined by Co; An additional 4-foot wide access gate may also be installed
adjacent to the double swing gate if required by Co; All similar components shall be manufactured and furnished by one
manufacturer unless specifically approved by Co; USB flash memory stick
copy of the Operation and Maintenance Manuals to Co; Flygt
b. Co; Toric Engineering,
ii. Frakes Engineering,
Page 90 of 112

iii. Miller Eads Corp.; Alternates and substitutions to be approved by Co; Class 1, Div 2,
NEC Classification
Groups C & D
Co; Jacket Equipped
Minimum Water Level
Discharge Co; Wetwell Design
i. Submit wetwell sizing calculations to determine required internal
diameter, or approved alternative from Co; Hubbel Kellem Heavy Duty Single Eye
strain relief.
vi. The wetwell vent shall be per Standard Details.
vii. Aluminum access hatch shall be cast into top lid. Access hatch shall be
sized by pump manufacturer to allow removal of pumps without
entering wetwell.
viii. At the discretion of Co; City Utilities, the interior of the wetwell
may be required to have an epoxy liner system applied.
ix. Piping shall be coated with a protective coating as follows, or as
approved in writing by Co; SW Dura-Plate 235,
1st Co; Prep Dry Dry
N69 Hi-Build
1st Co; N69 Hi-Build
2nd Co; Prep Dry Dry
1st Co; HiSolids Polyurethane
2nd Co; All piping connections inside the valve vault shall be bolted flange
connections. Mechanical joint connections are not permitted.
ii. All hardware shall be stainless steel.
iii. Refer to Sewage Valve Section for valve manufacturers
iv. Minimum valve vault dimensions shall be per Standard Details, or
approved alternative from Co; City Utilities in writing.
Page 93 of 112

v. All forcemain piping shall have a minimum of 48-inches depth of cover.
vi. Valve vault shall have aluminum access hatch cast into top lid, located
over valves.
vii. Piping shall be coated with a protective coating as outlined for the
wetwell above, or as approved in writing by Co; A flow meter shall be required at the discretion of
Co; No portion of the pump shall
bear directly on the floor of the sump.
iii. Pump Co; Rectangular cross sectioned gaskets requiring specific torque limits
to achieve compression shall not be considered as adequate or
equal. No secondary sealing compounds, elliptical O-rings, grease
or other devices shall be used
iv. Co; Suction Co; National Electric Co; Main, motor, and accessory circuit breakers
Page 99 of 112

b. Lights, buttons, switches
c. Motor overload resets
d. Elapsed Time Meters
e. Pump Station Co; Hi Temp overload controller
h. Co; Pump Sequence Co; V, 4-20mA loop.
b. Co; Primex KwikSwitch Float Co; System
rated for Class 1, Div 1 operation. Provide accessory
mounting brackets from the manufacturer to meet the
application needs. Float backup shall operate upon failure of
the continuous level device and shall be operator selectable
for continuous level or float operation.
i. Hi Level Alarm
ii. Pump ON
iii. Pumps OFF
iv. Low Level Alarm and suction cutoff
d. Depending on the size and location of the system, floats may
be acceptable on a case-by-case basis as primary level control
as approved by Co; Auxiliary Co; NEMA 4X, 316 stainless steel.
e. Co; A, isolated, 10 bit resolution
i. Pump No. 1 Amperage from transducer
ii. Pump No. 2 Amperage from transducer
iii. Station Co; Normally Open Co; Load Co; Normally Closed Co; Service Entrance Rated
c. Phase rotation monitor
Page 103 of 112

d. E1016 Series Male Camlok Panel mounts with flip covers for
temporary generator connection.
e. Removable access panel
f. Co; By Trystar LLC; Depending on lift station size and available power, VFDs may be
required. This will be reviewed on a case-by-case basis by Co; City Utilities.
C. Execution
1. Preparation
a. Co; Take all necessary measurements in the field to determine the exact
dimensions for all work and the required sizes of all equipment under this
contract. All pertinent data and dimensions shall be verified by the Co; The start-up engineer shall also
instruct Co; The test period shall be a minimum of 2.0 hours. Any detectable leakage
shall be cause for rejection and the leakage shall be corrected prior to
retesting.
c. After installation of the pumping equipment, and after inspection, operation,
testing, and adjustment have been completed by the qualified start-up engineer,
each pump shall be given a running test in the presence of Co; City
Utilities. Testing shall be conducted to indicate that the pumps, motors, and
drives generally conform to the efficiencies and operating conditions specified
and its ability to operate without vibration, overheating, or over-loading. The
pumps and motors shall operate at the specified capacities in the range of heads
and capacity specified without undue noise or vibration. Any undue noise or
vibration in the pumps or motors, which is objectionable, will be sufficient cause
for rejection of the units.
3. Pump Warranty
a. After successful completion of tests and trials under operating conditions on all
equipment, the Co; Control Panel Fuses of each type
Page 106 of 112

Appendices
Page 107 of 112

Standard Co; City Utilities Documents
Page 108 of 112

MAINTENANCE BOND
WE
as Developer, and
as Surety are held and firmly bound unto Co; APPROVED AS TO FORM
BY
Page 110 of 112

Standard Co",0.05 gpm; 0.1 gpm; 10 gallons,,https://www.columbusutilities.org/wp-content/uploads/CCU_Standard_Specifications_Details_FINAL_101321.pdf,https://www.columbusutilities.org/wp-content/uploads/CCU_Standard_Specifications_Details_FINAL_101321.pdf,data/downloads/ohio/columbus/CCU_Standard_Specifications_Details_FINAL_101321.pdf,oh_columbus_utilities,,PDF on Columbus Utilities Board page,,"GALLONS PER DAY; GPD; Gallons per minute; gpm; Make-up water; Discharge; effluent; Non-potable; potable water; potable
water; proprietary",0.35,2026-03-16T04:29:04.336460
OH,Columbus City Utilities Board,Utility Standards,,"AWS; Meta; Table of Co; Administrative ..............................................................................................6
1.01 Introduction ...................................................................................................................6
1.02 Co; Master Plan .................................................6
1.03 Requirements for Acceptance into Co; Pipe and Fittings ............................................................... 15
E. Co; Tracer Wire .................................................................................................................. 19
H. Utility Marker ............................................................................................................................. 20
2.04 Sanitary Sewer Manhole Materials..............................................................................21
A. General ........................................................................................................................................ 21
B. Pre-cast Co; Manhole ......................................................................................................... 21
C. Co; C. Swing Check Valves ................................................................................................................... 26
D. Sewage Co; Except Sewage Co; Pipe and Fittings ............. 38
Page 2 of 112

F. Co; Water Service Co; I. Settlement of Trenches................................................................................................................ 61
J. Pre-Fabricated Trench Baffles .................................................................................................... 61
K. Co; Highway, Street, and Drive Replacement .................................................................... 61
L. Portland Cement Co; Drive Replacement .......................................................................... 62
M. Co; Curb and Gutter Replacement ................................................................................. 62
N. Mailbox, Culvert, Clothes Line Posts, Fences and other Replacements ..................................... 62
O. New Sanitary Sewer to Existing Manhole Co; Sanitary Sewer Manhole Installation ...........................................................................63
A. Excavation for Manhole Installation ........................................................................................... 63
B. Manhole Bedding ........................................................................................................................ 63
C. Manhole Lining ........................................................................................................................... 64
D. Co; Existing Pump Station to Manhole .......................................................................... 65
E. Co; Highway, Street, and Drive Replacement .................................................................... 65
F. Co; I. Settlement of Trenches................................................................................................................ 70
J. Pre-Fabricated Trench Baffles .................................................................................................... 70
K. Co; Highway, Street, and Drive Replacement .................................................................... 71
L. Portland Cement Co; Drive Replacement .......................................................................... 71
M. Co; Curb and Gutter Replacement ................................................................................. 71
N. Mailbox, Culvert, Clothes Line Posts, Fences and other Replacements ..................................... 71
O. Rip-Rap Stream Bank Slope Protection ...................................................................................... 71
P. Water Main Termination ............................................................................................................. 71
Chapter 6 - Sanitary Sewer Inspection, Testing, and Acceptance ..............................................72
6.01 Introduction .................................................................................................................72
6.02 Testing .........................................................................................................................72
A. Gravity Sanitary Sewers.............................................................................................................. 72
B. Sanitary Sewer Forcemains ......................................................................................................... 74
C. Sanitary Sewer Manholes............................................................................................................ 78
Chapter 7 - Water Inspection, Testing, and Acceptance .............................................................81
7.01 Introduction .................................................................................................................81
7.02 Testing .........................................................................................................................81
A. Water Distribution Systems ........................................................................................................ 81
Chapter 8 - Sanitary Sewer Lift Stations ....................................................................................87
8.01 Introduction .................................................................................................................87
8.02 Lift Station Site Requirements ....................................................................................87
A. Security Fencing ......................................................................................................................... 87
B. General Site ................................................................................................................................. 88
8.03 Type I Pump Station ....................................................................................................88
A. Scope of Work ............................................................................................................................ 88
B. Products....................................................................................................................................... 90
C. Execution .................................................................................................................................. 104
Page 4 of 112

Appendices ................................................................................................................................................ 107
Standard Co; City Utilities Documents ........................................................................................... 108
Standard Co; Use
of other materials, installation practices and testing not specified herein will be allowed
only with the prior written approval and authorization from the Co; City Utilities
Executive Director. The Standard Specifications and Details may be revised by Co; City Utilities without notice.
1.02 Co; Information provided by the
Developer and Design Engineer will be used to verify the conformity of the proposed
project to the Master Plan. Co; City Utilities will then provide the Developer and
Design Engineer with the required facility size for their use in design.
1.03 Requirements for Acceptance into Co; City Utilities System
The following requirements shall be met prior to Co; Infrastructure shall be constructed in accordance with the approved plans and
specifications.
2. The infrastructure shall pass all testing described in the approved specifications and
be witnessed by Co; City Utilities.
3. The Developer shall tender donation of title and ownership of the system to Co; City Utilities.
4. The Co; Utilities against imperfections of the system.
Page 6 of 112

5. Record Drawings shall be provided to Co; City Utilities once construction is
complete.
6. The Developer shall enter into an agreement with Co; City Utilities per Indiana
Regulatory Co; Easement Requirements
A. Sanitary Sewer Easement Requirements
Easements shall be exclusive Sanitary Sewer Easements and shall be dedicated and
recorded solely for the benefit of the Co; Greater than 20 feet 40
All sanitary sewers shall be centered in the easement. For those sanitary sewers
constructed in the public right-of-way, the easement shall extend the distance
outside the right-of-way necessary to provide the required easement width.
In residential development, as approved by Co; Sanitary Sewers Twenty-Four Inc; The easement width will be determined on a case-by-case basis by Co; B. Lift Station Property Requirements
The minimum property requirements for lift stations are included in the attached Standard
Details. The property requirements for lift stations may, at the discretion of Co; City Utilities, be modified on a case-by-case basis.
C. Water System Requirements
Co; GIS system referencing the
Indiana East State Plane Co; Provisions must allow Co; Site conditions or facility requirements may require a departure from the standard
easement requirements. Co; Columbus City Utilities service area.
Use of other materials not specified herein will be allowed only with the written approval
and authorization from Co; City Utilities Executive Director.
2.02 Gravity Sanitary Sewer Materials
A. General
1. Co; Each length of pipe shall be marked per the requirements of the respective ASTM
standard. Upon request, the Co; PVC Pipe shall be installed where indicated on the Co; PVC Fittings shall only be installed on sanitary service laterals and new
sewer mains for service lateral wye fittings, as required.
4. Pipe must be delivered to job site by means which will adequately support it, and not
subject it to undue stresses. In particular, the load shall be so supported that the bottom
rows of pipe are not damaged by crushing. Pipe shall be unloaded carefully and strung
or stored as close to the final point of placement as is practical. Pipe shall not be stored
Page 10 of 112

outside where subject to sunlight.
5. Jointing of PVC pipe shall be by a natural rubber ring inserted into the belled end of
the pipe or double hub joints. Solvent weld joints are not acceptable.
6. The PVC pipe manufacturer shall provide special fittings, acceptable to Co; PVC Gravity Lateral Service Co; Type of Utility Co; Reef Industries, Inc.; Forcemain Materials
A. General
1. Co; Pipe shall be Green in Co; AWWA C110 shown therein. Fittings shall have mechanical joints meeting the
current requirements of AWWA C111. Fittings shall have interior cement-mortar
lining as specified for the pipe. Co; The pipe shall be designed for a normal internal working pressure
and earth cover over top of the pipe to suit the conditions of proposed use.
5. Pipe made from these resins must have a long-term strength rating of 1,600 psi or
more.
6. The polyethylene resin shall contain antioxidants and shall be stabilized with carbon
black against ultra-violet degradation to provide protection during processing and
subsequent weather exposure.
7. The polyethylene resin compound shall have a resistance to environmental stress
cracking as determined by the procedure detailed in ASTM D 1693, Co; Name, Trademark and Co; The machines shall be equipped with a McElroy
Datalogger to record fusion pressure and temperature. The machines shall be
equipped with an electric or gasoline engine powered facing unit to trim
irregularities from the pipe ends. The heating plate on the fusion machine shall be
electrically heated and thermostatically controlled and shall contain a temperature
gauge for monitoring temperature. All datalogger information shall be submitted
electronically to Co; City Utilities.
c. Joint strength must be equal to that of adjacent pipe as demonstrated by tensile
test. In addition, results of tensile impact testing of joint should indicate a ductile
rather than a brittle fracture. External appearance of fusion bead should be smooth
without significant juncture groove.
E. Co; Adapters
1. Co; The minimum length of the middle ring shall be
5-inches for pipe sizes up to 10 inches and 7 inches for pipe 10 inches to 30 inches.
Page 17 of 112

The pipe stop shall be removed.
c. Gaskets shall be suitable for 250 psi pressure rating or at rated working pressure
of the connecting pipe. Co; Page 18 of 112

Type of Utility Co; ASTM D1248, 30-volt rating. The wire shall be
continuous with no fabricated or field construction connections interrupting the
wires continuity from end to end. Wire insulation shall be highly resistant to acids,
alkalis, and other destructive substances commonly found in soil.
b. Tracer wire shall be 1030 HS as manufactured by Co; Industries LLC; Tracer wire shall be 1045 EHS SoloShot as manufactured by Co; Open cut excavation splice kit shall be DryCo; Copperhead Industries, Inc.; Copperhead Industries LLC; Emergency Co; Marker post shall be Model PMP-7CE with
Lid C2 as manufactured by Handley Industries, Inc.; Carsonite
Co; Positive
drainage away from the manhole shall be provided. Manholes shall not to be buried.
B. Pre-cast Co; Refer to Standard Details for required
manhole diameter for sanitary sewer pipe diameter.
3. Co; ASTM C478.
4. Precast Co; Eccentric Co; CS-212 as manufactured by Co; Manhole inverts shall be formed with 3,000 psi concrete. Inverts
shall be constructed as shown on the Co; Drawings and shall form a smooth
finish. The inverts shall be constructed on site after both inlet and outlet pipes are
installed. With review and approval by Co; Manhole frame and cover weight to be minimum of 250 pounds.
11. Standard Manhole Frame and Co; Manhole covers must set neatly in the rings, with contact edges machined for even
bearing and tops flush with ring edge. Co; The
covers shall have two concealed pick holes. Co; Bolt Down Watertight Manhole Frame and Co; Pipe Co; Lock gaskets or approved equal shall be used. Co; The forcemain shall connect to the manhole as close
to the invert as possible and shall be directed to flow directly into the manhole effluent
pipe. On a case-by-case basis, Co; City Utilities shall require the forcemain
discharge manhole, as well as the two proceeding manholes downstream of the
discharge manhole to be coated with an epoxy liner system. The liner system shall be
Mainstay, or Co; City Utilities approved equal.
17. Precast Co; Drop Co; Couplings
1. When joining different types of pipe together or new pipe to existing pipe, the
Co; D. Sewage Co; Vacuum Release Valves Manholes
Page 26 of 112

1. Sewage Co; Air Valves and Boxes shall be installed at the high points of the
force main and at various locations as shown on the Co; Drawings. Sewage
Co; Stainless Steel.
10. All Sewage Co; Air Valves on the force main shall be ARI model no. D-025
as manufactured by A.R.I. Flow Co; The Sewage Co; Air Valve Access Manhole shall be a 4-foot diameter
precast manhole barrel section and shall be set on a concrete footer supported with
crushed stone. The cover and frame shall be cast iron, with a 24-inch clear opening as
indicated for Sanitary Manhole hereinbefore. Care shall be taken to ensure that
Page 27 of 112

manhole barrel does not rest on top of pipe.
13. Co; Valve box
centering device shall be Box-Seat as manufactured by QWP, Box Lok as
manufactured by Trumbull, or approved equal. Valve boxes and covers shall be as
manufactured by Tyler Corp; Opelika Foundry, Bingham & Taylor, or
approved equal.
2. Co; Elastomeric check valves shall be Series TF-2 as manufactured by the Red Valve Co.; The gate's sealing system shall have been tested through a cycle test in an abrasive
environment and should show that the leakage requirements are still obtained after
25,000 cycles with a minimum deterioration. Certification of this testing shall be
provided to Co; Model GH-46 as manufactured by Golden Harvest, Inc.; Columbus City
Utilities service area. Use of other materials not specified herein will be allowed only with the
written approval and authorization from the COLUMBUS CITY UTILITIES Executive Director.
3.02 Water Distribution Piping Materials
A. General
1. Co; The pipe sizes to
be used throughout the proposed development shall be established by the Developer
and confirmed by Co; Only on a case-by-case basis as approved by Co; All pipe joints and fittings shall be restrained for lengths indicated in the Standard
Details. Pipe joints and fittings at ends left for future connections shall be restrained
per lengths indicated. Co; Restraints shall have same pressure rating as the pipe.
8. Restrained push-on joint pipe and fittings shall be capable of being deflected after
assembly.
9. All ductile iron pipe and fittings shall be fabricated by the same pipe manufacturer.
10. Where spigot end of restrained joint pipe connects with valves or other items that have
mechanical-joint ends, connection shall be made with a restrained mechanical-joint
gland. Restrained mechanical-joint connection shall be manufactured by EBAA Iron,
Page 33 of 112

Inc.; PVC pipe shall have a maximum laying length of 20 feet,
with bell end and elastomeric gasket, and with plain end for cast-iron or ductile-iron
fittings. Elastomeric gasket shall conform with the requirements of ASTM F-477. The
seal of the National Sanitation Foundation Testing Laboratory must appear on each
pipe.
2. Pipe shall be Blue in Co; National Sanitation Foundation NSF 14 Seal of Approval for drinking
water.
4. The basis of acceptance of PVC plastic water main pipe will be a written, notarized
certification, accompanied by a copy of test results, that the pipe and pipe material has
been sampled, tested and inspected in accordance with the designated standard
specifications. These certifications shall be obtained from the manufacturer and
delivered to Co; A sufficient
number of tests and certifications shall be made so as to be representative of the
complete project. Co; A21.10, latest revision, and
shall conform to the details and dimensions shown therein. Fittings shall have interior
cement-mortar lining as specified hereinbefore for the pipe. Co; Pipe shall be blue in color.
6. The pipe shall contain no recycled compounds except that generated in the
manufacturer's own plant from resin of the same specification from the same raw
material. The pipe shall be homogeneous throughout and free of visible cracks, holes,
foreign inclusions, voids, or other injurious defects.
7. Pipe made from these resins must have a long-term strength rating of 1,600 psi or
more.
8. The polyethylene resin shall contain antioxidants and shall be stabilized with carbon
black against ultra-violet degradation to provide protection during processing and
subsequent weather exposure.
9. The polyethylene resin compound shall have a resistance to environmental stress
cracking as determined by the procedure detailed in ASTM D 1693, Co; Small Diameter HDPE Water Service Lines shall be one continuous length of pipe
from the water main to the meter pit, unless otherwise approved.
b. Pipe jointing shall only be permitted on a case-by-case basis as approved by
Co; Page 37 of 112

monitor fusion pressures. The machines shall be equipped with a McElroy
Datalogger to record fusion pressure and temperature. The machines shall be
equipped with an electric or gasoline engine powered facing unit to trim
irregularities from the pipe ends. The heating plate on the fusion machine shall be
electrically heated and thermostatically controlled and shall contain a temperature
gauge for monitoring temperature. All datalogger information shall be submitted
electronically to Co; Pipe shall be black in color with blue striping.
6. The pipe shall contain no recycled compounds except that generated in the
manufacturer's own plant from resin of the same specification from the same raw
material. The pipe shall be homogeneous throughout and free of visible cracks, holes,
foreign inclusions, voids, or other injurious defects.
7. Pipe made from these resins must have a long-term strength rating of 1,600 psi or
more.
Page 38 of 112

8. The polyethylene resin shall contain antioxidants and shall be stabilized with carbon
black against ultra-violet degradation to provide protection during processing and
subsequent weather exposure.
9. The polyethylene resin compound shall have a resistance to environmental stress
cracking as determined by the procedure detailed in ASTM D 1693, Co; City Utilities.
c. Joint strength must be equal to that of adjacent pipe as demonstrated by tensile
test. In addition, results of tensile impact testing of joint should indicate a ductile
rather than a brittle fracture. External appearance of fusion bead should be smooth
without significant juncture groove.
d. Threaded or solvent cement joints and connections are not permitted.
F. Co; The minimum length of the middle ring shall be
5-inches for pipe sizes up to 10 inches and 7 inches for pipe 10 inches to 30 inches.
The pipe stop shall be removed.
c. Gaskets shall be suitable for 250 psi pressure rating or at rated working pressure
of the connecting pipe. Co; Corp. Stop Ford Meter Box Co.; Bend Ford Meter Box Co.; Yoke Bar Ford Meter Box Co.; Yoke Ell Ford Meter Box Co.; Ford Meter Box Co.; Service Saddle Ford Meter Box Co.; FB1600-7
Meter Setter Ford Meter Box Co.; Service
Meter Pit Monitor Ford Meter Box Co.; Service
Meter Pit Ring & Lid Ford Meter Box Co.; Service
1. Corp; Corporation stops shall have AWWA C800-66 C.S. threaded inlet. Outlets shall be
suitable for the type of service piping furnished and laid, and the Co; Meter pits shall adhere to Co; Refer to Co; City Utilities Standard Details.
2. Meter Vaults are owned by the Property Owner. Property Owner is required to
exercise and maintain valves in vault.
3.03 Water Valves
A. General
1. Co; Each gate valve shall be
installed in a vertical position with a valve box. Co; Page 46 of 112

strength plastic valve box aligner shall be installed within the valve box, centered
about the extension stem and located under the operating nut. All gate valves shall be
encased in polyethylene film.
9. Gate valves shall be Model Series 2361 resilient wedge gate valves as manufactured
by Mueller Company; JCM 432 by JCM Industries, H-
304 by Mueller Company; Coordinate with Co; All existing water mains to be tapped under this Co; Valve
and Primer Corp; T-handle operating wrenches for underground
valves. Nut operator extensions for all valves buried deeper than 3 feet shall be
provided with stem extensions sufficient to raise operator nut to within 3 feet of
finished grade.
3. Valve boxes shall have extension stems, where necessary when operating nut is raised
to be within 3 feet of the existing grade.
3.04 Hydrants
A. Yard Hydrants
1. Yard hydrants shall be installed where described on the Drawings or directed by
Co; Exposed portions of hydrants shall be factory painted with an enamel finish.
Co; B. Fire Hydrants
1. The Co; Drawings or directed by Co; Hydrant shoe shall have protective, thermosetting epoxy coating applied inside and
out before assembly. Prior to application of coating, shoes shall be mechanically and
chemically cleaned in compliance with SSPC Standards SP-5 and SP-8. A minimum
average dry film thickness of 3 mils shall be applied on interior and exterior surfaces
of hydrant shoe. Co; Engineer
after taking into account the actual trench loads that may result and the strength of
the pipe being used. The Co; The trench shall be straight and uniform so as to permit laying pipe to lines and
grades shown on the drawings. It shall be kept free of water during the laying of the
pipe and until the pipeline has been backfilled. Removal of trench water shall be at
the Co; Class I, II, III, or IV materials per
ASTM C12. Inc; Backfill in Public Right-of-Way
shall be approved by City Engineering Department.
c. Co; Before final acceptance, the Co; The Co; In the event that pavement is not placed immediately following trench backfilling
in streets and highways, the Co; Contractor shall meet with
Co; City Utilities to establish locations of tracer wire terminating
boxes before beginning pipe installation. The wire shall be one continuous
piece from end to end.
e. For each wire installed, Co; Contractor shall test tracer wire using Co; If the tracer wire
is found to be not continuous after testing, Co; In the event tracer wire cannot be installed as one continuous piece from end to
end for Open Cut Excavation, Co; Contractor shall
test each tracer wire using Co; If the tracer wire is
found to be not continuous after testing, Co; Drawings, unless otherwise directed by Co; City Utilities.
Marker locations shall be approved by Co; I. Settlement of Trenches
1. Whenever lines are in, or cross, driveways and streets, the Co; If paving shall
require replacement because of trench settlement within this time, it shall be
replaced by the Co; Columbus City Utilities. Repair
of settlement damage shall meet the approval of Co; City Utilities, City
of Co; Contractor shall insure that the correct line and
grade of the pipe is maintained before backfilling around the trench baffle.
K. Co; Highway, Street, and Drive Replacement
1. The Co; He
shall construct same to the original lines and grades and in such manner as to leave
all such surfaces in fully as good or better condition than that which existed prior
to the operations.
Page 61 of 112

2. Co; City of Co; Engineering Standards.
L. Portland Cement Co; Drive Replacement
1. Wherever Portland cement concrete driveways are removed, they shall be
reconstructed to the original lines and grades and in such manner as to leave all
such surfaces in fully as good or better condition than existed prior to the
operation.
2. Co; City
of Co; Engineering Standards.
M. Co; Curb and Gutter Replacement
1. The Co; Only that portion of the curb and gutter needed to lay the
sewer line shall be removed.
2. Co; Engineering Standards.
N. Mailbox, Culvert, Clothes Line Posts, Fences and other Replacements
1. Existing mail boxes, drainage culverts, clothes line posts, fences and the like shall
not be damaged or disturbed unless necessary, in which case, they shall be replaced
in as good condition as found as quickly as possible. Existing materials shall be
reused in replacing such facilities when materials have not been damaged by the
Co; Existing facilities damaged by Co; Contractor's expense.
2. Replacement of paved drainage ditches within highway right-of-way shall
be accomplished in accordance with Department of Transportation
specifications.
O. New Sanitary Sewer to Existing Manhole Co; Core Drill existing structure and connect with flexible, watertight connection.
Bench shall be reconstructed per Co; City Utilities Standards.
2. At the time the new sewer is placed into permanent service, as designated by
Co; City Utilities, the Co; Page 62 of 112

the manhole, patch and seal the wall with an expansive cement mortar, construct
new manhole bench in accordance with the standard details, and remove plug
from the new sewer. All temporary pumping, piping, excavation, etc. as
required to maintain or divert the sewage flow shall be included by the
Co; The excavation shall be straight and uniform so as to permit installation of the
manhole to lines and grades shown on the drawings. It shall be kept free of water
during the installation of the manhole and until the manhole has been backfilled.
Removal of water shall be at the Co; C. Manhole Lining
1. All manholes with a forcemain discharge connection, and three manholes
downstream of such a connection shall receive a protective lining.
2. Protective Lining system shall be Mainstay Co; Liner System by Madewell
Products Corp; Mainstay ML-72
c. Co; Madewell 806 Flexible Epoxy
3. The liner system shall be accompanied by a warranty against failure for a
minimum of 10-years and be transferable to Co; Failure of the liner to protect against the interior deterioration or corrosion
of the structure.
b. Failure to protect the substrate and environment from contamination by
effluent.
c. Failure to prevent groundwater infiltration.
Any such failures shall be repaired and restored at no cost to Co; City
Page 64 of 112

Utilities within 60 days of notice of failure.
D. Co; Columbus City Utilities
Standards. New outlet pipe openings shall be core drilled in the wall of the
structure, and the pipe installed with a PSX Direct Drive Manhole Adapter, or
approved equal. Areas around pipe shall be grouted to achieve a smooth surface.
E. Co; Highway, Street, and Drive Replacement
1. Reference Section 4.02 K of this document.
F. Co; Curb and Gutter Replacement
1. Reference Section 4.02 M of this document.
G. Mailbox, Culvert, Clothes Line Posts, Fences and other Replacements
1. Reference Section 4.02 N of this document.
H. Manhole Frame Installation
1. The manhole frame casting shall be centered over the opening in the cone or
grade ring of the manhole, with a bituminous mastic joint sealing compound
applied between the concrete and the casting.
2. The frame shall be bolted to the cone or grade ring with wedge anchors.
Page 65 of 112

Chapter 5 - Water Installation
5.01 Introduction
The following Chapter addresses the minimum requirements for the installation of
water distribution facilities.
5.02 Hydrant Installation
A. Valves
1. Location
a. Valves shall be spaced no greater than 600 feet apart on water mains 12-inches
and smaller.
b. Valves shall be spaced no greater than 1,200 feet apart on water mains 16-inches
and larger.
B. Fire Hydrants
1. Location
a. Fire hydrants shall be spaced no greater than 500 feet apart.
b. Hydrants shall be located as shown or as directed by Co; City Utilities so
as to provide complete accessibility and minimize the possibility of damage from
vehicles or injury to pedestrians.
c. When placed behind the curb, the hydrant barrel shall be set so that the pumper
or hose nozzle cap will be a minimum of 18-inches and a maximum of 24-inches
from the back of curb in developed areas.
d. When placed behind the edge of pavement, the hydrant barrel shall be set so that
the pumper or hose nozzle cap will be a minimum of 3-feet and a maximum of 5-
feet from the edge of pavement in undeveloped areas. Deviations from these
standards will only be allowed at Co; Hydrants shall be located as shown on the Co; Drawings or as
directed by Co; Details in the Drawings, or
as directed by Co; Yard hydrants located on sanitary sewer lift station sites are not required to be
metered.
Page 67 of 112

b. Other yard hydrant installations may require metering as determined by
Co; Hydrants shall be set plumb and to the established grade.
3. Co; The bowl of each hydrant shall be tied to the pipe with suitable anchor couplings, as
directed by Co; Engineer after taking into account
the actual trench loads that may result and the strength of the pipe being used. The
Co; The trench shall be straight and uniform so as to permit laying pipe to lines and grades
shown on the Drawings. It shall be kept free of water during the laying of the pipe and
until the pipeline has been backfilled. Removal of trench water shall be at the
Co; Reference Section 4.02 H of this document.
I. Settlement of Trenches
1. Reference Section 4.02 I of this document.
J. Pre-Fabricated Trench Baffles
1. Reference Section 4.02 J of this document.
Page 70 of 112

K. Co; Highway, Street, and Drive Replacement
1. Reference Section 4.02 K of this document.
L. Portland Cement Co; Drive Replacement
1. Reference Section 4.02 L of this document.
M. Co; Curb and Gutter Replacement
1. Reference Section 4.02 M of this document.
N. Mailbox, Culvert, Clothes Line Posts, Fences and other Replacements
1. Reference Section 4.02 N of this document.
O. Rip-Rap Stream Bank Slope Protection
1. Reference Section 4.02 O of this document.
P. Water Main Termination
1. All water mains shall be terminated with a perpendicular hydrant tee and hydrant
assembly, Gate Valve the size of the water main, and restraint ductile iron cap or
plug.
Page 71 of 112

Chapter 6 - Sanitary Sewer Inspection, Testing, and Acceptance
6.01 Introduction
The following Chapter describes the minimum requirements and general procedures for the
inspection and testing of sanitary and storm sewers to be dedicated to Co; City
Utilities.
Any section of sewer not passing the tests prescribed herein shall be repaired to the
satisfaction and approval of Co; Upon completion of installation of the piping and appurtenances, the
Co; Work. The Co; Provide post installation sanitary sewer line jet
cleaning and television inspection of the sewer line. All video recordings are to be
turned over to Co; City Utilities for Engineer review and final approval.
Any video deemed incomplete or otherwise deficient shall be re-televised before
Co; All lines or sections of lines that are found to
be laid improperly with respect to line or grade, that are found to contain broken
or leaking sections of pipe, or are obstructed in such a manner that they cannot
be satisfactorily corrected otherwise, shall be removed and replaced at the
Page 72 of 112

Co; To test for leaks, all completed piping as specified herein after backfilling
shall be tested by low-pressure air test, exfiltration, or infiltration test.
Should the low pressure air test results be inconclusive, an exfiltration or
infiltration test will be required on the low pressure air tested segments.
Labor, equipment and supplies required for all tests shall be furnished by
the Co; In order to test for infiltration Co; To test for infiltration, Co; City Utilities may also
require that the Co; Infiltration tests
Page 73 of 112

shall consist of weir measurement to determine quantities of any infiltration.
Measurements shall be taken at line locations determined on-site. This infiltration
test will not be made until the sewer line is completed, and the Co; Contractor at his own expense. Equipment and supplies required
from smoke tests shall be furnished by the Co; Other supplementary smoke tests prior to
backfilling may be performed by the Co; Contractor and observed by Co; All pipe, fittings, valves, and other materials found to be defective under test
shall be removed and replaced at no additional expense to Co; City
Utilities.
f. Lines which fail to meet tests shall be repaired and retested as necessary until
test requirements are complied with.
g. All water for testing shall be metered and cost of water shall be paid for
by Co; Engineer.
c. Co; City Utilities shall witness all tests. The procedure for testing shall
be approved by Co; Before testing, heat fusion joints shall be completely cooled.
Mechanical joints shall be completely assembled. Co; Testing may be conducted on the entire system or sections of the
system. Test section length shall be determined by the Co; The pipeline
shall be re-tested after a minimum 8-hour recuperation period. No
pipeline shall be placed into service or accepted by the Engineer until
it has passed the testing requirement.
vi. All water for testing shall be metered and cost of water shall be paid
for by Co; C. Sanitary Sewer Manholes
1. Testing Prior to Backfilling
Page 78 of 112

a. This specification shall govern the vacuum testing of sanitary sewer manholes and
structures and shall be used as a method of determining acceptability by
Co; City Utilities, in accepting maintenance of a sanitary sewer manhole
or structure on behalf of the public. This test shall be performed in accordance
with ASTM C 1244 prior to backfilling. Other forms of testing of some manholes
may be required, as deemed necessary by Co; All temporary plugs and braces shall be removed after each test.
Manholes will be accepted as having passed the vacuum test
requirements if they meet the criteria stated above.
Page 80 of 112

Chapter 7 - Water Inspection, Testing, and Acceptance
7.01 Introduction
The following Chapter describes the minimum requirements and general procedures for the
inspection and testing of water distribution systems to be dedicated to Co; City
Utilities.
Any section of the system not passing the tests prescribed herein shall be repaired to the
satisfaction and approval of Co; City
Utilities.
Page 82 of 112

i. Lines which fail to meet tests shall be repaired and retested as necessary until
test requirements are complied with.
j. All water for testing shall be metered and cost of water shall be paid for
by Co; City Utilities shall witness all tests. The
procedure for testing shall be approved by Co; Before testing, heat fusion joints shall be
completely cooled. Mechanical joints shall
be completely assembled. Co; Testing may be conducted on the entire
system or sections of the system. Test
section length shall be determined by the
Co; The pipeline shall
be re-tested after a minimum 8-hour
recuperation period. No pipeline shall be
placed into service or accepted by the
Engineer until it has passed the testing
requirement.
vi. All water for testing shall be metered and cost of water shall be paid
for by Co; OSHA regulations and as directed by
Co; Columbus City Utilities will collect water samples for
bacteriological testing. The main will not be approved for final connection to the
existing distribution system until sampling results are obtained and approved by
Co; AWWA C651.
Page 86 of 112

Chapter 8 - Sanitary Sewer Lift Stations
8.01 Introduction
This Chapter pertains to the requirements for the design and construction of submersible
type lift stations, which are the primary type typically constructed as part of private
development. Dry well stations are not acceptable.
Lift stations meeting or exceeding the requirements set herein will be approved. Any
proposed alteration of the pump station dimensions, equipment, controls, etc. from the
standards set forth herein will be approved only upon the submittal of plans and
specifications of the proposed changes to Co; City Utilities, and upon the
Co; Lift Station Site Requirements
A. Security Fencing
1. A security fence shall be installed at all lift station sites. The type of fencing to be used
shall be determined by Co; An additional 4-foot wide access gate may also be installed
adjacent to the double swing gate if required by Co; All similar components shall be manufactured and furnished by one
manufacturer unless specifically approved by Co; USB flash memory stick
copy of the Operation and Maintenance Manuals to Co; Flygt
b. Co; Toric Engineering,
ii. Frakes Engineering,
Page 90 of 112

iii. Miller Eads Corp.; Alternates and substitutions to be approved by Co; Class 1, Div 2,
NEC Classification
Groups C & D
Co; Jacket Equipped
Minimum Water Level
Discharge Co; Wetwell Design
i. Submit wetwell sizing calculations to determine required internal
diameter, or approved alternative from Co; Hubbel Kellem Heavy Duty Single Eye
strain relief.
vi. The wetwell vent shall be per Standard Details.
vii. Aluminum access hatch shall be cast into top lid. Access hatch shall be
sized by pump manufacturer to allow removal of pumps without
entering wetwell.
viii. At the discretion of Co; City Utilities, the interior of the wetwell
may be required to have an epoxy liner system applied.
ix. Piping shall be coated with a protective coating as follows, or as
approved in writing by Co; SW Dura-Plate 235,
1st Co; Prep Dry Dry
N69 Hi-Build
1st Co; N69 Hi-Build
2nd Co; Prep Dry Dry
1st Co; HiSolids Polyurethane
2nd Co; All piping connections inside the valve vault shall be bolted flange
connections. Mechanical joint connections are not permitted.
ii. All hardware shall be stainless steel.
iii. Refer to Sewage Valve Section for valve manufacturers
iv. Minimum valve vault dimensions shall be per Standard Details, or
approved alternative from Co; City Utilities in writing.
Page 93 of 112

v. All forcemain piping shall have a minimum of 48-inches depth of cover.
vi. Valve vault shall have aluminum access hatch cast into top lid, located
over valves.
vii. Piping shall be coated with a protective coating as outlined for the
wetwell above, or as approved in writing by Co; A flow meter shall be required at the discretion of
Co; No portion of the pump shall
bear directly on the floor of the sump.
iii. Pump Co; Rectangular cross sectioned gaskets requiring specific torque limits
to achieve compression shall not be considered as adequate or
equal. No secondary sealing compounds, elliptical O-rings, grease
or other devices shall be used
iv. Co; Suction Co; National Electric Co; Main, motor, and accessory circuit breakers
Page 99 of 112

b. Lights, buttons, switches
c. Motor overload resets
d. Elapsed Time Meters
e. Pump Station Co; Hi Temp overload controller
h. Co; Pump Sequence Co; V, 4-20mA loop.
b. Co; Primex KwikSwitch Float Co; System
rated for Class 1, Div 1 operation. Provide accessory
mounting brackets from the manufacturer to meet the
application needs. Float backup shall operate upon failure of
the continuous level device and shall be operator selectable
for continuous level or float operation.
i. Hi Level Alarm
ii. Pump ON
iii. Pumps OFF
iv. Low Level Alarm and suction cutoff
d. Depending on the size and location of the system, floats may
be acceptable on a case-by-case basis as primary level control
as approved by Co; Auxiliary Co; NEMA 4X, 316 stainless steel.
e. Co; A, isolated, 10 bit resolution
i. Pump No. 1 Amperage from transducer
ii. Pump No. 2 Amperage from transducer
iii. Station Co; Normally Open Co; Load Co; Normally Closed Co; Service Entrance Rated
c. Phase rotation monitor
Page 103 of 112

d. E1016 Series Male Camlok Panel mounts with flip covers for
temporary generator connection.
e. Removable access panel
f. Co; By Trystar LLC; Depending on lift station size and available power, VFDs may be
required. This will be reviewed on a case-by-case basis by Co; City Utilities.
C. Execution
1. Preparation
a. Co; Take all necessary measurements in the field to determine the exact
dimensions for all work and the required sizes of all equipment under this
contract. All pertinent data and dimensions shall be verified by the Co; The start-up engineer shall also
instruct Co; The test period shall be a minimum of 2.0 hours. Any detectable leakage
shall be cause for rejection and the leakage shall be corrected prior to
retesting.
c. After installation of the pumping equipment, and after inspection, operation,
testing, and adjustment have been completed by the qualified start-up engineer,
each pump shall be given a running test in the presence of Co; City
Utilities. Testing shall be conducted to indicate that the pumps, motors, and
drives generally conform to the efficiencies and operating conditions specified
and its ability to operate without vibration, overheating, or over-loading. The
pumps and motors shall operate at the specified capacities in the range of heads
and capacity specified without undue noise or vibration. Any undue noise or
vibration in the pumps or motors, which is objectionable, will be sufficient cause
for rejection of the units.
3. Pump Warranty
a. After successful completion of tests and trials under operating conditions on all
equipment, the Co; Control Panel Fuses of each type
Page 106 of 112

Appendices
Page 107 of 112

Standard Co; City Utilities Documents
Page 108 of 112

MAINTENANCE BOND
WE
as Developer, and
as Surety are held and firmly bound unto Co; APPROVED AS TO FORM
BY
Page 110 of 112

Standard Co",0.05 gpm; 0.1 gpm; 10 gallons,,http://www.columbusutilities.org/wp-content/uploads/CCU_Standard_Specifications_Details_FINAL_101321.pdf,http://www.columbusutilities.org/wp-content/uploads/CCU_Standard_Specifications_Details_FINAL_101321.pdf,data/downloads/ohio/columbus/CCU_Standard_Specifications_Details_FINAL_101321.pdf,oh_columbus_utilities,,PDF on Columbus Utilities Board page,,"GALLONS PER DAY; GPD; Gallons per minute; gpm; Make-up water; Discharge; effluent; Non-potable; potable water; potable
water; proprietary",0.35,2026-03-16T04:29:07.804087
OH,Columbus City Utilities Board,Utility Standards,,"AWS; Meta; Table of Co; Administrative ..............................................................................................6
1.01 Introduction ...................................................................................................................6
1.02 Co; Master Plan .................................................6
1.03 Requirements for Acceptance into Co; Pipe and Fittings ............................................................... 15
E. Co; Tracer Wire .................................................................................................................. 19
H. Utility Marker ............................................................................................................................. 20
2.04 Sanitary Sewer Manhole Materials..............................................................................21
A. General ........................................................................................................................................ 21
B. Pre-cast Co; Manhole ......................................................................................................... 21
C. Co; C. Swing Check Valves ................................................................................................................... 26
D. Sewage Co; Except Sewage Co; Pipe and Fittings ............. 38
Page 2 of 112

F. Co; Water Service Co; I. Settlement of Trenches................................................................................................................ 61
J. Pre-Fabricated Trench Baffles .................................................................................................... 61
K. Co; Highway, Street, and Drive Replacement .................................................................... 61
L. Portland Cement Co; Drive Replacement .......................................................................... 62
M. Co; Curb and Gutter Replacement ................................................................................. 62
N. Mailbox, Culvert, Clothes Line Posts, Fences and other Replacements ..................................... 62
O. New Sanitary Sewer to Existing Manhole Co; Sanitary Sewer Manhole Installation ...........................................................................63
A. Excavation for Manhole Installation ........................................................................................... 63
B. Manhole Bedding ........................................................................................................................ 63
C. Manhole Lining ........................................................................................................................... 64
D. Co; Existing Pump Station to Manhole .......................................................................... 65
E. Co; Highway, Street, and Drive Replacement .................................................................... 65
F. Co; I. Settlement of Trenches................................................................................................................ 70
J. Pre-Fabricated Trench Baffles .................................................................................................... 70
K. Co; Highway, Street, and Drive Replacement .................................................................... 71
L. Portland Cement Co; Drive Replacement .......................................................................... 71
M. Co; Curb and Gutter Replacement ................................................................................. 71
N. Mailbox, Culvert, Clothes Line Posts, Fences and other Replacements ..................................... 71
O. Rip-Rap Stream Bank Slope Protection ...................................................................................... 71
P. Water Main Termination ............................................................................................................. 71
Chapter 6 - Sanitary Sewer Inspection, Testing, and Acceptance ..............................................72
6.01 Introduction .................................................................................................................72
6.02 Testing .........................................................................................................................72
A. Gravity Sanitary Sewers.............................................................................................................. 72
B. Sanitary Sewer Forcemains ......................................................................................................... 74
C. Sanitary Sewer Manholes............................................................................................................ 78
Chapter 7 - Water Inspection, Testing, and Acceptance .............................................................81
7.01 Introduction .................................................................................................................81
7.02 Testing .........................................................................................................................81
A. Water Distribution Systems ........................................................................................................ 81
Chapter 8 - Sanitary Sewer Lift Stations ....................................................................................87
8.01 Introduction .................................................................................................................87
8.02 Lift Station Site Requirements ....................................................................................87
A. Security Fencing ......................................................................................................................... 87
B. General Site ................................................................................................................................. 88
8.03 Type I Pump Station ....................................................................................................88
A. Scope of Work ............................................................................................................................ 88
B. Products....................................................................................................................................... 90
C. Execution .................................................................................................................................. 104
Page 4 of 112

Appendices ................................................................................................................................................ 107
Standard Co; City Utilities Documents ........................................................................................... 108
Standard Co; Use
of other materials, installation practices and testing not specified herein will be allowed
only with the prior written approval and authorization from the Co; City Utilities
Executive Director. The Standard Specifications and Details may be revised by Co; City Utilities without notice.
1.02 Co; Information provided by the
Developer and Design Engineer will be used to verify the conformity of the proposed
project to the Master Plan. Co; City Utilities will then provide the Developer and
Design Engineer with the required facility size for their use in design.
1.03 Requirements for Acceptance into Co; City Utilities System
The following requirements shall be met prior to Co; Infrastructure shall be constructed in accordance with the approved plans and
specifications.
2. The infrastructure shall pass all testing described in the approved specifications and
be witnessed by Co; City Utilities.
3. The Developer shall tender donation of title and ownership of the system to Co; City Utilities.
4. The Co; Utilities against imperfections of the system.
Page 6 of 112

5. Record Drawings shall be provided to Co; City Utilities once construction is
complete.
6. The Developer shall enter into an agreement with Co; City Utilities per Indiana
Regulatory Co; Easement Requirements
A. Sanitary Sewer Easement Requirements
Easements shall be exclusive Sanitary Sewer Easements and shall be dedicated and
recorded solely for the benefit of the Co; Greater than 20 feet 40
All sanitary sewers shall be centered in the easement. For those sanitary sewers
constructed in the public right-of-way, the easement shall extend the distance
outside the right-of-way necessary to provide the required easement width.
In residential development, as approved by Co; Sanitary Sewers Twenty-Four Inc; The easement width will be determined on a case-by-case basis by Co; B. Lift Station Property Requirements
The minimum property requirements for lift stations are included in the attached Standard
Details. The property requirements for lift stations may, at the discretion of Co; City Utilities, be modified on a case-by-case basis.
C. Water System Requirements
Co; GIS system referencing the
Indiana East State Plane Co; Provisions must allow Co; Site conditions or facility requirements may require a departure from the standard
easement requirements. Co; Columbus City Utilities service area.
Use of other materials not specified herein will be allowed only with the written approval
and authorization from Co; City Utilities Executive Director.
2.02 Gravity Sanitary Sewer Materials
A. General
1. Co; Each length of pipe shall be marked per the requirements of the respective ASTM
standard. Upon request, the Co; PVC Pipe shall be installed where indicated on the Co; PVC Fittings shall only be installed on sanitary service laterals and new
sewer mains for service lateral wye fittings, as required.
4. Pipe must be delivered to job site by means which will adequately support it, and not
subject it to undue stresses. In particular, the load shall be so supported that the bottom
rows of pipe are not damaged by crushing. Pipe shall be unloaded carefully and strung
or stored as close to the final point of placement as is practical. Pipe shall not be stored
Page 10 of 112

outside where subject to sunlight.
5. Jointing of PVC pipe shall be by a natural rubber ring inserted into the belled end of
the pipe or double hub joints. Solvent weld joints are not acceptable.
6. The PVC pipe manufacturer shall provide special fittings, acceptable to Co; PVC Gravity Lateral Service Co; Type of Utility Co; Reef Industries, Inc.; Forcemain Materials
A. General
1. Co; Pipe shall be Green in Co; AWWA C110 shown therein. Fittings shall have mechanical joints meeting the
current requirements of AWWA C111. Fittings shall have interior cement-mortar
lining as specified for the pipe. Co; The pipe shall be designed for a normal internal working pressure
and earth cover over top of the pipe to suit the conditions of proposed use.
5. Pipe made from these resins must have a long-term strength rating of 1,600 psi or
more.
6. The polyethylene resin shall contain antioxidants and shall be stabilized with carbon
black against ultra-violet degradation to provide protection during processing and
subsequent weather exposure.
7. The polyethylene resin compound shall have a resistance to environmental stress
cracking as determined by the procedure detailed in ASTM D 1693, Co; Name, Trademark and Co; The machines shall be equipped with a McElroy
Datalogger to record fusion pressure and temperature. The machines shall be
equipped with an electric or gasoline engine powered facing unit to trim
irregularities from the pipe ends. The heating plate on the fusion machine shall be
electrically heated and thermostatically controlled and shall contain a temperature
gauge for monitoring temperature. All datalogger information shall be submitted
electronically to Co; City Utilities.
c. Joint strength must be equal to that of adjacent pipe as demonstrated by tensile
test. In addition, results of tensile impact testing of joint should indicate a ductile
rather than a brittle fracture. External appearance of fusion bead should be smooth
without significant juncture groove.
E. Co; Adapters
1. Co; The minimum length of the middle ring shall be
5-inches for pipe sizes up to 10 inches and 7 inches for pipe 10 inches to 30 inches.
Page 17 of 112

The pipe stop shall be removed.
c. Gaskets shall be suitable for 250 psi pressure rating or at rated working pressure
of the connecting pipe. Co; Page 18 of 112

Type of Utility Co; ASTM D1248, 30-volt rating. The wire shall be
continuous with no fabricated or field construction connections interrupting the
wires continuity from end to end. Wire insulation shall be highly resistant to acids,
alkalis, and other destructive substances commonly found in soil.
b. Tracer wire shall be 1030 HS as manufactured by Co; Industries LLC; Tracer wire shall be 1045 EHS SoloShot as manufactured by Co; Open cut excavation splice kit shall be DryCo; Copperhead Industries, Inc.; Copperhead Industries LLC; Emergency Co; Marker post shall be Model PMP-7CE with
Lid C2 as manufactured by Handley Industries, Inc.; Carsonite
Co; Positive
drainage away from the manhole shall be provided. Manholes shall not to be buried.
B. Pre-cast Co; Refer to Standard Details for required
manhole diameter for sanitary sewer pipe diameter.
3. Co; ASTM C478.
4. Precast Co; Eccentric Co; CS-212 as manufactured by Co; Manhole inverts shall be formed with 3,000 psi concrete. Inverts
shall be constructed as shown on the Co; Drawings and shall form a smooth
finish. The inverts shall be constructed on site after both inlet and outlet pipes are
installed. With review and approval by Co; Manhole frame and cover weight to be minimum of 250 pounds.
11. Standard Manhole Frame and Co; Manhole covers must set neatly in the rings, with contact edges machined for even
bearing and tops flush with ring edge. Co; The
covers shall have two concealed pick holes. Co; Bolt Down Watertight Manhole Frame and Co; Pipe Co; Lock gaskets or approved equal shall be used. Co; The forcemain shall connect to the manhole as close
to the invert as possible and shall be directed to flow directly into the manhole effluent
pipe. On a case-by-case basis, Co; City Utilities shall require the forcemain
discharge manhole, as well as the two proceeding manholes downstream of the
discharge manhole to be coated with an epoxy liner system. The liner system shall be
Mainstay, or Co; City Utilities approved equal.
17. Precast Co; Drop Co; Couplings
1. When joining different types of pipe together or new pipe to existing pipe, the
Co; D. Sewage Co; Vacuum Release Valves Manholes
Page 26 of 112

1. Sewage Co; Air Valves and Boxes shall be installed at the high points of the
force main and at various locations as shown on the Co; Drawings. Sewage
Co; Stainless Steel.
10. All Sewage Co; Air Valves on the force main shall be ARI model no. D-025
as manufactured by A.R.I. Flow Co; The Sewage Co; Air Valve Access Manhole shall be a 4-foot diameter
precast manhole barrel section and shall be set on a concrete footer supported with
crushed stone. The cover and frame shall be cast iron, with a 24-inch clear opening as
indicated for Sanitary Manhole hereinbefore. Care shall be taken to ensure that
Page 27 of 112

manhole barrel does not rest on top of pipe.
13. Co; Valve box
centering device shall be Box-Seat as manufactured by QWP, Box Lok as
manufactured by Trumbull, or approved equal. Valve boxes and covers shall be as
manufactured by Tyler Corp; Opelika Foundry, Bingham & Taylor, or
approved equal.
2. Co; Elastomeric check valves shall be Series TF-2 as manufactured by the Red Valve Co.; The gate's sealing system shall have been tested through a cycle test in an abrasive
environment and should show that the leakage requirements are still obtained after
25,000 cycles with a minimum deterioration. Certification of this testing shall be
provided to Co; Model GH-46 as manufactured by Golden Harvest, Inc.; Columbus City
Utilities service area. Use of other materials not specified herein will be allowed only with the
written approval and authorization from the COLUMBUS CITY UTILITIES Executive Director.
3.02 Water Distribution Piping Materials
A. General
1. Co; The pipe sizes to
be used throughout the proposed development shall be established by the Developer
and confirmed by Co; Only on a case-by-case basis as approved by Co; All pipe joints and fittings shall be restrained for lengths indicated in the Standard
Details. Pipe joints and fittings at ends left for future connections shall be restrained
per lengths indicated. Co; Restraints shall have same pressure rating as the pipe.
8. Restrained push-on joint pipe and fittings shall be capable of being deflected after
assembly.
9. All ductile iron pipe and fittings shall be fabricated by the same pipe manufacturer.
10. Where spigot end of restrained joint pipe connects with valves or other items that have
mechanical-joint ends, connection shall be made with a restrained mechanical-joint
gland. Restrained mechanical-joint connection shall be manufactured by EBAA Iron,
Page 33 of 112

Inc.; PVC pipe shall have a maximum laying length of 20 feet,
with bell end and elastomeric gasket, and with plain end for cast-iron or ductile-iron
fittings. Elastomeric gasket shall conform with the requirements of ASTM F-477. The
seal of the National Sanitation Foundation Testing Laboratory must appear on each
pipe.
2. Pipe shall be Blue in Co; National Sanitation Foundation NSF 14 Seal of Approval for drinking
water.
4. The basis of acceptance of PVC plastic water main pipe will be a written, notarized
certification, accompanied by a copy of test results, that the pipe and pipe material has
been sampled, tested and inspected in accordance with the designated standard
specifications. These certifications shall be obtained from the manufacturer and
delivered to Co; A sufficient
number of tests and certifications shall be made so as to be representative of the
complete project. Co; A21.10, latest revision, and
shall conform to the details and dimensions shown therein. Fittings shall have interior
cement-mortar lining as specified hereinbefore for the pipe. Co; Pipe shall be blue in color.
6. The pipe shall contain no recycled compounds except that generated in the
manufacturer's own plant from resin of the same specification from the same raw
material. The pipe shall be homogeneous throughout and free of visible cracks, holes,
foreign inclusions, voids, or other injurious defects.
7. Pipe made from these resins must have a long-term strength rating of 1,600 psi or
more.
8. The polyethylene resin shall contain antioxidants and shall be stabilized with carbon
black against ultra-violet degradation to provide protection during processing and
subsequent weather exposure.
9. The polyethylene resin compound shall have a resistance to environmental stress
cracking as determined by the procedure detailed in ASTM D 1693, Co; Small Diameter HDPE Water Service Lines shall be one continuous length of pipe
from the water main to the meter pit, unless otherwise approved.
b. Pipe jointing shall only be permitted on a case-by-case basis as approved by
Co; Page 37 of 112

monitor fusion pressures. The machines shall be equipped with a McElroy
Datalogger to record fusion pressure and temperature. The machines shall be
equipped with an electric or gasoline engine powered facing unit to trim
irregularities from the pipe ends. The heating plate on the fusion machine shall be
electrically heated and thermostatically controlled and shall contain a temperature
gauge for monitoring temperature. All datalogger information shall be submitted
electronically to Co; Pipe shall be black in color with blue striping.
6. The pipe shall contain no recycled compounds except that generated in the
manufacturer's own plant from resin of the same specification from the same raw
material. The pipe shall be homogeneous throughout and free of visible cracks, holes,
foreign inclusions, voids, or other injurious defects.
7. Pipe made from these resins must have a long-term strength rating of 1,600 psi or
more.
Page 38 of 112

8. The polyethylene resin shall contain antioxidants and shall be stabilized with carbon
black against ultra-violet degradation to provide protection during processing and
subsequent weather exposure.
9. The polyethylene resin compound shall have a resistance to environmental stress
cracking as determined by the procedure detailed in ASTM D 1693, Co; City Utilities.
c. Joint strength must be equal to that of adjacent pipe as demonstrated by tensile
test. In addition, results of tensile impact testing of joint should indicate a ductile
rather than a brittle fracture. External appearance of fusion bead should be smooth
without significant juncture groove.
d. Threaded or solvent cement joints and connections are not permitted.
F. Co; The minimum length of the middle ring shall be
5-inches for pipe sizes up to 10 inches and 7 inches for pipe 10 inches to 30 inches.
The pipe stop shall be removed.
c. Gaskets shall be suitable for 250 psi pressure rating or at rated working pressure
of the connecting pipe. Co; Corp. Stop Ford Meter Box Co.; Bend Ford Meter Box Co.; Yoke Bar Ford Meter Box Co.; Yoke Ell Ford Meter Box Co.; Ford Meter Box Co.; Service Saddle Ford Meter Box Co.; FB1600-7
Meter Setter Ford Meter Box Co.; Service
Meter Pit Monitor Ford Meter Box Co.; Service
Meter Pit Ring & Lid Ford Meter Box Co.; Service
1. Corp; Corporation stops shall have AWWA C800-66 C.S. threaded inlet. Outlets shall be
suitable for the type of service piping furnished and laid, and the Co; Meter pits shall adhere to Co; Refer to Co; City Utilities Standard Details.
2. Meter Vaults are owned by the Property Owner. Property Owner is required to
exercise and maintain valves in vault.
3.03 Water Valves
A. General
1. Co; Each gate valve shall be
installed in a vertical position with a valve box. Co; Page 46 of 112

strength plastic valve box aligner shall be installed within the valve box, centered
about the extension stem and located under the operating nut. All gate valves shall be
encased in polyethylene film.
9. Gate valves shall be Model Series 2361 resilient wedge gate valves as manufactured
by Mueller Company; JCM 432 by JCM Industries, H-
304 by Mueller Company; Coordinate with Co; All existing water mains to be tapped under this Co; Valve
and Primer Corp; T-handle operating wrenches for underground
valves. Nut operator extensions for all valves buried deeper than 3 feet shall be
provided with stem extensions sufficient to raise operator nut to within 3 feet of
finished grade.
3. Valve boxes shall have extension stems, where necessary when operating nut is raised
to be within 3 feet of the existing grade.
3.04 Hydrants
A. Yard Hydrants
1. Yard hydrants shall be installed where described on the Drawings or directed by
Co; Exposed portions of hydrants shall be factory painted with an enamel finish.
Co; B. Fire Hydrants
1. The Co; Drawings or directed by Co; Hydrant shoe shall have protective, thermosetting epoxy coating applied inside and
out before assembly. Prior to application of coating, shoes shall be mechanically and
chemically cleaned in compliance with SSPC Standards SP-5 and SP-8. A minimum
average dry film thickness of 3 mils shall be applied on interior and exterior surfaces
of hydrant shoe. Co; Engineer
after taking into account the actual trench loads that may result and the strength of
the pipe being used. The Co; The trench shall be straight and uniform so as to permit laying pipe to lines and
grades shown on the drawings. It shall be kept free of water during the laying of the
pipe and until the pipeline has been backfilled. Removal of trench water shall be at
the Co; Class I, II, III, or IV materials per
ASTM C12. Inc; Backfill in Public Right-of-Way
shall be approved by City Engineering Department.
c. Co; Before final acceptance, the Co; The Co; In the event that pavement is not placed immediately following trench backfilling
in streets and highways, the Co; Contractor shall meet with
Co; City Utilities to establish locations of tracer wire terminating
boxes before beginning pipe installation. The wire shall be one continuous
piece from end to end.
e. For each wire installed, Co; Contractor shall test tracer wire using Co; If the tracer wire
is found to be not continuous after testing, Co; In the event tracer wire cannot be installed as one continuous piece from end to
end for Open Cut Excavation, Co; Contractor shall
test each tracer wire using Co; If the tracer wire is
found to be not continuous after testing, Co; Drawings, unless otherwise directed by Co; City Utilities.
Marker locations shall be approved by Co; I. Settlement of Trenches
1. Whenever lines are in, or cross, driveways and streets, the Co; If paving shall
require replacement because of trench settlement within this time, it shall be
replaced by the Co; Columbus City Utilities. Repair
of settlement damage shall meet the approval of Co; City Utilities, City
of Co; Contractor shall insure that the correct line and
grade of the pipe is maintained before backfilling around the trench baffle.
K. Co; Highway, Street, and Drive Replacement
1. The Co; He
shall construct same to the original lines and grades and in such manner as to leave
all such surfaces in fully as good or better condition than that which existed prior
to the operations.
Page 61 of 112

2. Co; City of Co; Engineering Standards.
L. Portland Cement Co; Drive Replacement
1. Wherever Portland cement concrete driveways are removed, they shall be
reconstructed to the original lines and grades and in such manner as to leave all
such surfaces in fully as good or better condition than existed prior to the
operation.
2. Co; City
of Co; Engineering Standards.
M. Co; Curb and Gutter Replacement
1. The Co; Only that portion of the curb and gutter needed to lay the
sewer line shall be removed.
2. Co; Engineering Standards.
N. Mailbox, Culvert, Clothes Line Posts, Fences and other Replacements
1. Existing mail boxes, drainage culverts, clothes line posts, fences and the like shall
not be damaged or disturbed unless necessary, in which case, they shall be replaced
in as good condition as found as quickly as possible. Existing materials shall be
reused in replacing such facilities when materials have not been damaged by the
Co; Existing facilities damaged by Co; Contractor's expense.
2. Replacement of paved drainage ditches within highway right-of-way shall
be accomplished in accordance with Department of Transportation
specifications.
O. New Sanitary Sewer to Existing Manhole Co; Core Drill existing structure and connect with flexible, watertight connection.
Bench shall be reconstructed per Co; City Utilities Standards.
2. At the time the new sewer is placed into permanent service, as designated by
Co; City Utilities, the Co; Page 62 of 112

the manhole, patch and seal the wall with an expansive cement mortar, construct
new manhole bench in accordance with the standard details, and remove plug
from the new sewer. All temporary pumping, piping, excavation, etc. as
required to maintain or divert the sewage flow shall be included by the
Co; The excavation shall be straight and uniform so as to permit installation of the
manhole to lines and grades shown on the drawings. It shall be kept free of water
during the installation of the manhole and until the manhole has been backfilled.
Removal of water shall be at the Co; C. Manhole Lining
1. All manholes with a forcemain discharge connection, and three manholes
downstream of such a connection shall receive a protective lining.
2. Protective Lining system shall be Mainstay Co; Liner System by Madewell
Products Corp; Mainstay ML-72
c. Co; Madewell 806 Flexible Epoxy
3. The liner system shall be accompanied by a warranty against failure for a
minimum of 10-years and be transferable to Co; Failure of the liner to protect against the interior deterioration or corrosion
of the structure.
b. Failure to protect the substrate and environment from contamination by
effluent.
c. Failure to prevent groundwater infiltration.
Any such failures shall be repaired and restored at no cost to Co; City
Page 64 of 112

Utilities within 60 days of notice of failure.
D. Co; Columbus City Utilities
Standards. New outlet pipe openings shall be core drilled in the wall of the
structure, and the pipe installed with a PSX Direct Drive Manhole Adapter, or
approved equal. Areas around pipe shall be grouted to achieve a smooth surface.
E. Co; Highway, Street, and Drive Replacement
1. Reference Section 4.02 K of this document.
F. Co; Curb and Gutter Replacement
1. Reference Section 4.02 M of this document.
G. Mailbox, Culvert, Clothes Line Posts, Fences and other Replacements
1. Reference Section 4.02 N of this document.
H. Manhole Frame Installation
1. The manhole frame casting shall be centered over the opening in the cone or
grade ring of the manhole, with a bituminous mastic joint sealing compound
applied between the concrete and the casting.
2. The frame shall be bolted to the cone or grade ring with wedge anchors.
Page 65 of 112

Chapter 5 - Water Installation
5.01 Introduction
The following Chapter addresses the minimum requirements for the installation of
water distribution facilities.
5.02 Hydrant Installation
A. Valves
1. Location
a. Valves shall be spaced no greater than 600 feet apart on water mains 12-inches
and smaller.
b. Valves shall be spaced no greater than 1,200 feet apart on water mains 16-inches
and larger.
B. Fire Hydrants
1. Location
a. Fire hydrants shall be spaced no greater than 500 feet apart.
b. Hydrants shall be located as shown or as directed by Co; City Utilities so
as to provide complete accessibility and minimize the possibility of damage from
vehicles or injury to pedestrians.
c. When placed behind the curb, the hydrant barrel shall be set so that the pumper
or hose nozzle cap will be a minimum of 18-inches and a maximum of 24-inches
from the back of curb in developed areas.
d. When placed behind the edge of pavement, the hydrant barrel shall be set so that
the pumper or hose nozzle cap will be a minimum of 3-feet and a maximum of 5-
feet from the edge of pavement in undeveloped areas. Deviations from these
standards will only be allowed at Co; Hydrants shall be located as shown on the Co; Drawings or as
directed by Co; Details in the Drawings, or
as directed by Co; Yard hydrants located on sanitary sewer lift station sites are not required to be
metered.
Page 67 of 112

b. Other yard hydrant installations may require metering as determined by
Co; Hydrants shall be set plumb and to the established grade.
3. Co; The bowl of each hydrant shall be tied to the pipe with suitable anchor couplings, as
directed by Co; Engineer after taking into account
the actual trench loads that may result and the strength of the pipe being used. The
Co; The trench shall be straight and uniform so as to permit laying pipe to lines and grades
shown on the Drawings. It shall be kept free of water during the laying of the pipe and
until the pipeline has been backfilled. Removal of trench water shall be at the
Co; Reference Section 4.02 H of this document.
I. Settlement of Trenches
1. Reference Section 4.02 I of this document.
J. Pre-Fabricated Trench Baffles
1. Reference Section 4.02 J of this document.
Page 70 of 112

K. Co; Highway, Street, and Drive Replacement
1. Reference Section 4.02 K of this document.
L. Portland Cement Co; Drive Replacement
1. Reference Section 4.02 L of this document.
M. Co; Curb and Gutter Replacement
1. Reference Section 4.02 M of this document.
N. Mailbox, Culvert, Clothes Line Posts, Fences and other Replacements
1. Reference Section 4.02 N of this document.
O. Rip-Rap Stream Bank Slope Protection
1. Reference Section 4.02 O of this document.
P. Water Main Termination
1. All water mains shall be terminated with a perpendicular hydrant tee and hydrant
assembly, Gate Valve the size of the water main, and restraint ductile iron cap or
plug.
Page 71 of 112

Chapter 6 - Sanitary Sewer Inspection, Testing, and Acceptance
6.01 Introduction
The following Chapter describes the minimum requirements and general procedures for the
inspection and testing of sanitary and storm sewers to be dedicated to Co; City
Utilities.
Any section of sewer not passing the tests prescribed herein shall be repaired to the
satisfaction and approval of Co; Upon completion of installation of the piping and appurtenances, the
Co; Work. The Co; Provide post installation sanitary sewer line jet
cleaning and television inspection of the sewer line. All video recordings are to be
turned over to Co; City Utilities for Engineer review and final approval.
Any video deemed incomplete or otherwise deficient shall be re-televised before
Co; All lines or sections of lines that are found to
be laid improperly with respect to line or grade, that are found to contain broken
or leaking sections of pipe, or are obstructed in such a manner that they cannot
be satisfactorily corrected otherwise, shall be removed and replaced at the
Page 72 of 112

Co; To test for leaks, all completed piping as specified herein after backfilling
shall be tested by low-pressure air test, exfiltration, or infiltration test.
Should the low pressure air test results be inconclusive, an exfiltration or
infiltration test will be required on the low pressure air tested segments.
Labor, equipment and supplies required for all tests shall be furnished by
the Co; In order to test for infiltration Co; To test for infiltration, Co; City Utilities may also
require that the Co; Infiltration tests
Page 73 of 112

shall consist of weir measurement to determine quantities of any infiltration.
Measurements shall be taken at line locations determined on-site. This infiltration
test will not be made until the sewer line is completed, and the Co; Contractor at his own expense. Equipment and supplies required
from smoke tests shall be furnished by the Co; Other supplementary smoke tests prior to
backfilling may be performed by the Co; Contractor and observed by Co; All pipe, fittings, valves, and other materials found to be defective under test
shall be removed and replaced at no additional expense to Co; City
Utilities.
f. Lines which fail to meet tests shall be repaired and retested as necessary until
test requirements are complied with.
g. All water for testing shall be metered and cost of water shall be paid for
by Co; Engineer.
c. Co; City Utilities shall witness all tests. The procedure for testing shall
be approved by Co; Before testing, heat fusion joints shall be completely cooled.
Mechanical joints shall be completely assembled. Co; Testing may be conducted on the entire system or sections of the
system. Test section length shall be determined by the Co; The pipeline
shall be re-tested after a minimum 8-hour recuperation period. No
pipeline shall be placed into service or accepted by the Engineer until
it has passed the testing requirement.
vi. All water for testing shall be metered and cost of water shall be paid
for by Co; C. Sanitary Sewer Manholes
1. Testing Prior to Backfilling
Page 78 of 112

a. This specification shall govern the vacuum testing of sanitary sewer manholes and
structures and shall be used as a method of determining acceptability by
Co; City Utilities, in accepting maintenance of a sanitary sewer manhole
or structure on behalf of the public. This test shall be performed in accordance
with ASTM C 1244 prior to backfilling. Other forms of testing of some manholes
may be required, as deemed necessary by Co; All temporary plugs and braces shall be removed after each test.
Manholes will be accepted as having passed the vacuum test
requirements if they meet the criteria stated above.
Page 80 of 112

Chapter 7 - Water Inspection, Testing, and Acceptance
7.01 Introduction
The following Chapter describes the minimum requirements and general procedures for the
inspection and testing of water distribution systems to be dedicated to Co; City
Utilities.
Any section of the system not passing the tests prescribed herein shall be repaired to the
satisfaction and approval of Co; City
Utilities.
Page 82 of 112

i. Lines which fail to meet tests shall be repaired and retested as necessary until
test requirements are complied with.
j. All water for testing shall be metered and cost of water shall be paid for
by Co; City Utilities shall witness all tests. The
procedure for testing shall be approved by Co; Before testing, heat fusion joints shall be
completely cooled. Mechanical joints shall
be completely assembled. Co; Testing may be conducted on the entire
system or sections of the system. Test
section length shall be determined by the
Co; The pipeline shall
be re-tested after a minimum 8-hour
recuperation period. No pipeline shall be
placed into service or accepted by the
Engineer until it has passed the testing
requirement.
vi. All water for testing shall be metered and cost of water shall be paid
for by Co; OSHA regulations and as directed by
Co; Columbus City Utilities will collect water samples for
bacteriological testing. The main will not be approved for final connection to the
existing distribution system until sampling results are obtained and approved by
Co; AWWA C651.
Page 86 of 112

Chapter 8 - Sanitary Sewer Lift Stations
8.01 Introduction
This Chapter pertains to the requirements for the design and construction of submersible
type lift stations, which are the primary type typically constructed as part of private
development. Dry well stations are not acceptable.
Lift stations meeting or exceeding the requirements set herein will be approved. Any
proposed alteration of the pump station dimensions, equipment, controls, etc. from the
standards set forth herein will be approved only upon the submittal of plans and
specifications of the proposed changes to Co; City Utilities, and upon the
Co; Lift Station Site Requirements
A. Security Fencing
1. A security fence shall be installed at all lift station sites. The type of fencing to be used
shall be determined by Co; An additional 4-foot wide access gate may also be installed
adjacent to the double swing gate if required by Co; All similar components shall be manufactured and furnished by one
manufacturer unless specifically approved by Co; USB flash memory stick
copy of the Operation and Maintenance Manuals to Co; Flygt
b. Co; Toric Engineering,
ii. Frakes Engineering,
Page 90 of 112

iii. Miller Eads Corp.; Alternates and substitutions to be approved by Co; Class 1, Div 2,
NEC Classification
Groups C & D
Co; Jacket Equipped
Minimum Water Level
Discharge Co; Wetwell Design
i. Submit wetwell sizing calculations to determine required internal
diameter, or approved alternative from Co; Hubbel Kellem Heavy Duty Single Eye
strain relief.
vi. The wetwell vent shall be per Standard Details.
vii. Aluminum access hatch shall be cast into top lid. Access hatch shall be
sized by pump manufacturer to allow removal of pumps without
entering wetwell.
viii. At the discretion of Co; City Utilities, the interior of the wetwell
may be required to have an epoxy liner system applied.
ix. Piping shall be coated with a protective coating as follows, or as
approved in writing by Co; SW Dura-Plate 235,
1st Co; Prep Dry Dry
N69 Hi-Build
1st Co; N69 Hi-Build
2nd Co; Prep Dry Dry
1st Co; HiSolids Polyurethane
2nd Co; All piping connections inside the valve vault shall be bolted flange
connections. Mechanical joint connections are not permitted.
ii. All hardware shall be stainless steel.
iii. Refer to Sewage Valve Section for valve manufacturers
iv. Minimum valve vault dimensions shall be per Standard Details, or
approved alternative from Co; City Utilities in writing.
Page 93 of 112

v. All forcemain piping shall have a minimum of 48-inches depth of cover.
vi. Valve vault shall have aluminum access hatch cast into top lid, located
over valves.
vii. Piping shall be coated with a protective coating as outlined for the
wetwell above, or as approved in writing by Co; A flow meter shall be required at the discretion of
Co; No portion of the pump shall
bear directly on the floor of the sump.
iii. Pump Co; Rectangular cross sectioned gaskets requiring specific torque limits
to achieve compression shall not be considered as adequate or
equal. No secondary sealing compounds, elliptical O-rings, grease
or other devices shall be used
iv. Co; Suction Co; National Electric Co; Main, motor, and accessory circuit breakers
Page 99 of 112

b. Lights, buttons, switches
c. Motor overload resets
d. Elapsed Time Meters
e. Pump Station Co; Hi Temp overload controller
h. Co; Pump Sequence Co; V, 4-20mA loop.
b. Co; Primex KwikSwitch Float Co; System
rated for Class 1, Div 1 operation. Provide accessory
mounting brackets from the manufacturer to meet the
application needs. Float backup shall operate upon failure of
the continuous level device and shall be operator selectable
for continuous level or float operation.
i. Hi Level Alarm
ii. Pump ON
iii. Pumps OFF
iv. Low Level Alarm and suction cutoff
d. Depending on the size and location of the system, floats may
be acceptable on a case-by-case basis as primary level control
as approved by Co; Auxiliary Co; NEMA 4X, 316 stainless steel.
e. Co; A, isolated, 10 bit resolution
i. Pump No. 1 Amperage from transducer
ii. Pump No. 2 Amperage from transducer
iii. Station Co; Normally Open Co; Load Co; Normally Closed Co; Service Entrance Rated
c. Phase rotation monitor
Page 103 of 112

d. E1016 Series Male Camlok Panel mounts with flip covers for
temporary generator connection.
e. Removable access panel
f. Co; By Trystar LLC; Depending on lift station size and available power, VFDs may be
required. This will be reviewed on a case-by-case basis by Co; City Utilities.
C. Execution
1. Preparation
a. Co; Take all necessary measurements in the field to determine the exact
dimensions for all work and the required sizes of all equipment under this
contract. All pertinent data and dimensions shall be verified by the Co; The start-up engineer shall also
instruct Co; The test period shall be a minimum of 2.0 hours. Any detectable leakage
shall be cause for rejection and the leakage shall be corrected prior to
retesting.
c. After installation of the pumping equipment, and after inspection, operation,
testing, and adjustment have been completed by the qualified start-up engineer,
each pump shall be given a running test in the presence of Co; City
Utilities. Testing shall be conducted to indicate that the pumps, motors, and
drives generally conform to the efficiencies and operating conditions specified
and its ability to operate without vibration, overheating, or over-loading. The
pumps and motors shall operate at the specified capacities in the range of heads
and capacity specified without undue noise or vibration. Any undue noise or
vibration in the pumps or motors, which is objectionable, will be sufficient cause
for rejection of the units.
3. Pump Warranty
a. After successful completion of tests and trials under operating conditions on all
equipment, the Co; Control Panel Fuses of each type
Page 106 of 112

Appendices
Page 107 of 112

Standard Co; City Utilities Documents
Page 108 of 112

MAINTENANCE BOND
WE
as Developer, and
as Surety are held and firmly bound unto Co; APPROVED AS TO FORM
BY
Page 110 of 112

Standard Co",0.05 gpm; 0.1 gpm; 10 gallons,,https://www.columbusutilities.org/wp-content/uploads/CCU_Standard_Specifications_Details_FINAL_101321.pdf,https://www.columbusutilities.org/wp-content/uploads/CCU_Standard_Specifications_Details_FINAL_101321.pdf,data/downloads/ohio/columbus/CCU_Standard_Specifications_Details_FINAL_101321.pdf,oh_columbus_utilities,,PDF on Columbus Utilities Board page,,"GALLONS PER DAY; GPD; Gallons per minute; gpm; Make-up water; Discharge; effluent; Non-potable; potable water; potable
water; proprietary",0.35,2026-03-16T04:29:10.764658
OH,Columbus City Utilities Board,Utility Standards,,"AWS; Meta; Table of Co; Administrative ..............................................................................................6
1.01 Introduction ...................................................................................................................6
1.02 Co; Master Plan .................................................6
1.03 Requirements for Acceptance into Co; Pipe and Fittings ............................................................... 15
E. Co; Tracer Wire .................................................................................................................. 19
H. Utility Marker ............................................................................................................................. 20
2.04 Sanitary Sewer Manhole Materials..............................................................................21
A. General ........................................................................................................................................ 21
B. Pre-cast Co; Manhole ......................................................................................................... 21
C. Co; C. Swing Check Valves ................................................................................................................... 26
D. Sewage Co; Except Sewage Co; Pipe and Fittings ............. 38
Page 2 of 112

F. Co; Water Service Co; I. Settlement of Trenches................................................................................................................ 61
J. Pre-Fabricated Trench Baffles .................................................................................................... 61
K. Co; Highway, Street, and Drive Replacement .................................................................... 61
L. Portland Cement Co; Drive Replacement .......................................................................... 62
M. Co; Curb and Gutter Replacement ................................................................................. 62
N. Mailbox, Culvert, Clothes Line Posts, Fences and other Replacements ..................................... 62
O. New Sanitary Sewer to Existing Manhole Co; Sanitary Sewer Manhole Installation ...........................................................................63
A. Excavation for Manhole Installation ........................................................................................... 63
B. Manhole Bedding ........................................................................................................................ 63
C. Manhole Lining ........................................................................................................................... 64
D. Co; Existing Pump Station to Manhole .......................................................................... 65
E. Co; Highway, Street, and Drive Replacement .................................................................... 65
F. Co; I. Settlement of Trenches................................................................................................................ 70
J. Pre-Fabricated Trench Baffles .................................................................................................... 70
K. Co; Highway, Street, and Drive Replacement .................................................................... 71
L. Portland Cement Co; Drive Replacement .......................................................................... 71
M. Co; Curb and Gutter Replacement ................................................................................. 71
N. Mailbox, Culvert, Clothes Line Posts, Fences and other Replacements ..................................... 71
O. Rip-Rap Stream Bank Slope Protection ...................................................................................... 71
P. Water Main Termination ............................................................................................................. 71
Chapter 6 - Sanitary Sewer Inspection, Testing, and Acceptance ..............................................72
6.01 Introduction .................................................................................................................72
6.02 Testing .........................................................................................................................72
A. Gravity Sanitary Sewers.............................................................................................................. 72
B. Sanitary Sewer Forcemains ......................................................................................................... 74
C. Sanitary Sewer Manholes............................................................................................................ 78
Chapter 7 - Water Inspection, Testing, and Acceptance .............................................................81
7.01 Introduction .................................................................................................................81
7.02 Testing .........................................................................................................................81
A. Water Distribution Systems ........................................................................................................ 81
Chapter 8 - Sanitary Sewer Lift Stations ....................................................................................87
8.01 Introduction .................................................................................................................87
8.02 Lift Station Site Requirements ....................................................................................87
A. Security Fencing ......................................................................................................................... 87
B. General Site ................................................................................................................................. 88
8.03 Type I Pump Station ....................................................................................................88
A. Scope of Work ............................................................................................................................ 88
B. Products....................................................................................................................................... 90
C. Execution .................................................................................................................................. 104
Page 4 of 112

Appendices ................................................................................................................................................ 107
Standard Co; City Utilities Documents ........................................................................................... 108
Standard Co; Use
of other materials, installation practices and testing not specified herein will be allowed
only with the prior written approval and authorization from the Co; City Utilities
Executive Director. The Standard Specifications and Details may be revised by Co; City Utilities without notice.
1.02 Co; Information provided by the
Developer and Design Engineer will be used to verify the conformity of the proposed
project to the Master Plan. Co; City Utilities will then provide the Developer and
Design Engineer with the required facility size for their use in design.
1.03 Requirements for Acceptance into Co; City Utilities System
The following requirements shall be met prior to Co; Infrastructure shall be constructed in accordance with the approved plans and
specifications.
2. The infrastructure shall pass all testing described in the approved specifications and
be witnessed by Co; City Utilities.
3. The Developer shall tender donation of title and ownership of the system to Co; City Utilities.
4. The Co; Utilities against imperfections of the system.
Page 6 of 112

5. Record Drawings shall be provided to Co; City Utilities once construction is
complete.
6. The Developer shall enter into an agreement with Co; City Utilities per Indiana
Regulatory Co; Easement Requirements
A. Sanitary Sewer Easement Requirements
Easements shall be exclusive Sanitary Sewer Easements and shall be dedicated and
recorded solely for the benefit of the Co; Greater than 20 feet 40
All sanitary sewers shall be centered in the easement. For those sanitary sewers
constructed in the public right-of-way, the easement shall extend the distance
outside the right-of-way necessary to provide the required easement width.
In residential development, as approved by Co; Sanitary Sewers Twenty-Four Inc; The easement width will be determined on a case-by-case basis by Co; B. Lift Station Property Requirements
The minimum property requirements for lift stations are included in the attached Standard
Details. The property requirements for lift stations may, at the discretion of Co; City Utilities, be modified on a case-by-case basis.
C. Water System Requirements
Co; GIS system referencing the
Indiana East State Plane Co; Provisions must allow Co; Site conditions or facility requirements may require a departure from the standard
easement requirements. Co; Columbus City Utilities service area.
Use of other materials not specified herein will be allowed only with the written approval
and authorization from Co; City Utilities Executive Director.
2.02 Gravity Sanitary Sewer Materials
A. General
1. Co; Each length of pipe shall be marked per the requirements of the respective ASTM
standard. Upon request, the Co; PVC Pipe shall be installed where indicated on the Co; PVC Fittings shall only be installed on sanitary service laterals and new
sewer mains for service lateral wye fittings, as required.
4. Pipe must be delivered to job site by means which will adequately support it, and not
subject it to undue stresses. In particular, the load shall be so supported that the bottom
rows of pipe are not damaged by crushing. Pipe shall be unloaded carefully and strung
or stored as close to the final point of placement as is practical. Pipe shall not be stored
Page 10 of 112

outside where subject to sunlight.
5. Jointing of PVC pipe shall be by a natural rubber ring inserted into the belled end of
the pipe or double hub joints. Solvent weld joints are not acceptable.
6. The PVC pipe manufacturer shall provide special fittings, acceptable to Co; PVC Gravity Lateral Service Co; Type of Utility Co; Reef Industries, Inc.; Forcemain Materials
A. General
1. Co; Pipe shall be Green in Co; AWWA C110 shown therein. Fittings shall have mechanical joints meeting the
current requirements of AWWA C111. Fittings shall have interior cement-mortar
lining as specified for the pipe. Co; The pipe shall be designed for a normal internal working pressure
and earth cover over top of the pipe to suit the conditions of proposed use.
5. Pipe made from these resins must have a long-term strength rating of 1,600 psi or
more.
6. The polyethylene resin shall contain antioxidants and shall be stabilized with carbon
black against ultra-violet degradation to provide protection during processing and
subsequent weather exposure.
7. The polyethylene resin compound shall have a resistance to environmental stress
cracking as determined by the procedure detailed in ASTM D 1693, Co; Name, Trademark and Co; The machines shall be equipped with a McElroy
Datalogger to record fusion pressure and temperature. The machines shall be
equipped with an electric or gasoline engine powered facing unit to trim
irregularities from the pipe ends. The heating plate on the fusion machine shall be
electrically heated and thermostatically controlled and shall contain a temperature
gauge for monitoring temperature. All datalogger information shall be submitted
electronically to Co; City Utilities.
c. Joint strength must be equal to that of adjacent pipe as demonstrated by tensile
test. In addition, results of tensile impact testing of joint should indicate a ductile
rather than a brittle fracture. External appearance of fusion bead should be smooth
without significant juncture groove.
E. Co; Adapters
1. Co; The minimum length of the middle ring shall be
5-inches for pipe sizes up to 10 inches and 7 inches for pipe 10 inches to 30 inches.
Page 17 of 112

The pipe stop shall be removed.
c. Gaskets shall be suitable for 250 psi pressure rating or at rated working pressure
of the connecting pipe. Co; Page 18 of 112

Type of Utility Co; ASTM D1248, 30-volt rating. The wire shall be
continuous with no fabricated or field construction connections interrupting the
wires continuity from end to end. Wire insulation shall be highly resistant to acids,
alkalis, and other destructive substances commonly found in soil.
b. Tracer wire shall be 1030 HS as manufactured by Co; Industries LLC; Tracer wire shall be 1045 EHS SoloShot as manufactured by Co; Open cut excavation splice kit shall be DryCo; Copperhead Industries, Inc.; Copperhead Industries LLC; Emergency Co; Marker post shall be Model PMP-7CE with
Lid C2 as manufactured by Handley Industries, Inc.; Carsonite
Co; Positive
drainage away from the manhole shall be provided. Manholes shall not to be buried.
B. Pre-cast Co; Refer to Standard Details for required
manhole diameter for sanitary sewer pipe diameter.
3. Co; ASTM C478.
4. Precast Co; Eccentric Co; CS-212 as manufactured by Co; Manhole inverts shall be formed with 3,000 psi concrete. Inverts
shall be constructed as shown on the Co; Drawings and shall form a smooth
finish. The inverts shall be constructed on site after both inlet and outlet pipes are
installed. With review and approval by Co; Manhole frame and cover weight to be minimum of 250 pounds.
11. Standard Manhole Frame and Co; Manhole covers must set neatly in the rings, with contact edges machined for even
bearing and tops flush with ring edge. Co; The
covers shall have two concealed pick holes. Co; Bolt Down Watertight Manhole Frame and Co; Pipe Co; Lock gaskets or approved equal shall be used. Co; The forcemain shall connect to the manhole as close
to the invert as possible and shall be directed to flow directly into the manhole effluent
pipe. On a case-by-case basis, Co; City Utilities shall require the forcemain
discharge manhole, as well as the two proceeding manholes downstream of the
discharge manhole to be coated with an epoxy liner system. The liner system shall be
Mainstay, or Co; City Utilities approved equal.
17. Precast Co; Drop Co; Couplings
1. When joining different types of pipe together or new pipe to existing pipe, the
Co; D. Sewage Co; Vacuum Release Valves Manholes
Page 26 of 112

1. Sewage Co; Air Valves and Boxes shall be installed at the high points of the
force main and at various locations as shown on the Co; Drawings. Sewage
Co; Stainless Steel.
10. All Sewage Co; Air Valves on the force main shall be ARI model no. D-025
as manufactured by A.R.I. Flow Co; The Sewage Co; Air Valve Access Manhole shall be a 4-foot diameter
precast manhole barrel section and shall be set on a concrete footer supported with
crushed stone. The cover and frame shall be cast iron, with a 24-inch clear opening as
indicated for Sanitary Manhole hereinbefore. Care shall be taken to ensure that
Page 27 of 112

manhole barrel does not rest on top of pipe.
13. Co; Valve box
centering device shall be Box-Seat as manufactured by QWP, Box Lok as
manufactured by Trumbull, or approved equal. Valve boxes and covers shall be as
manufactured by Tyler Corp; Opelika Foundry, Bingham & Taylor, or
approved equal.
2. Co; Elastomeric check valves shall be Series TF-2 as manufactured by the Red Valve Co.; The gate's sealing system shall have been tested through a cycle test in an abrasive
environment and should show that the leakage requirements are still obtained after
25,000 cycles with a minimum deterioration. Certification of this testing shall be
provided to Co; Model GH-46 as manufactured by Golden Harvest, Inc.; Columbus City
Utilities service area. Use of other materials not specified herein will be allowed only with the
written approval and authorization from the COLUMBUS CITY UTILITIES Executive Director.
3.02 Water Distribution Piping Materials
A. General
1. Co; The pipe sizes to
be used throughout the proposed development shall be established by the Developer
and confirmed by Co; Only on a case-by-case basis as approved by Co; All pipe joints and fittings shall be restrained for lengths indicated in the Standard
Details. Pipe joints and fittings at ends left for future connections shall be restrained
per lengths indicated. Co; Restraints shall have same pressure rating as the pipe.
8. Restrained push-on joint pipe and fittings shall be capable of being deflected after
assembly.
9. All ductile iron pipe and fittings shall be fabricated by the same pipe manufacturer.
10. Where spigot end of restrained joint pipe connects with valves or other items that have
mechanical-joint ends, connection shall be made with a restrained mechanical-joint
gland. Restrained mechanical-joint connection shall be manufactured by EBAA Iron,
Page 33 of 112

Inc.; PVC pipe shall have a maximum laying length of 20 feet,
with bell end and elastomeric gasket, and with plain end for cast-iron or ductile-iron
fittings. Elastomeric gasket shall conform with the requirements of ASTM F-477. The
seal of the National Sanitation Foundation Testing Laboratory must appear on each
pipe.
2. Pipe shall be Blue in Co; National Sanitation Foundation NSF 14 Seal of Approval for drinking
water.
4. The basis of acceptance of PVC plastic water main pipe will be a written, notarized
certification, accompanied by a copy of test results, that the pipe and pipe material has
been sampled, tested and inspected in accordance with the designated standard
specifications. These certifications shall be obtained from the manufacturer and
delivered to Co; A sufficient
number of tests and certifications shall be made so as to be representative of the
complete project. Co; A21.10, latest revision, and
shall conform to the details and dimensions shown therein. Fittings shall have interior
cement-mortar lining as specified hereinbefore for the pipe. Co; Pipe shall be blue in color.
6. The pipe shall contain no recycled compounds except that generated in the
manufacturer's own plant from resin of the same specification from the same raw
material. The pipe shall be homogeneous throughout and free of visible cracks, holes,
foreign inclusions, voids, or other injurious defects.
7. Pipe made from these resins must have a long-term strength rating of 1,600 psi or
more.
8. The polyethylene resin shall contain antioxidants and shall be stabilized with carbon
black against ultra-violet degradation to provide protection during processing and
subsequent weather exposure.
9. The polyethylene resin compound shall have a resistance to environmental stress
cracking as determined by the procedure detailed in ASTM D 1693, Co; Small Diameter HDPE Water Service Lines shall be one continuous length of pipe
from the water main to the meter pit, unless otherwise approved.
b. Pipe jointing shall only be permitted on a case-by-case basis as approved by
Co; Page 37 of 112

monitor fusion pressures. The machines shall be equipped with a McElroy
Datalogger to record fusion pressure and temperature. The machines shall be
equipped with an electric or gasoline engine powered facing unit to trim
irregularities from the pipe ends. The heating plate on the fusion machine shall be
electrically heated and thermostatically controlled and shall contain a temperature
gauge for monitoring temperature. All datalogger information shall be submitted
electronically to Co; Pipe shall be black in color with blue striping.
6. The pipe shall contain no recycled compounds except that generated in the
manufacturer's own plant from resin of the same specification from the same raw
material. The pipe shall be homogeneous throughout and free of visible cracks, holes,
foreign inclusions, voids, or other injurious defects.
7. Pipe made from these resins must have a long-term strength rating of 1,600 psi or
more.
Page 38 of 112

8. The polyethylene resin shall contain antioxidants and shall be stabilized with carbon
black against ultra-violet degradation to provide protection during processing and
subsequent weather exposure.
9. The polyethylene resin compound shall have a resistance to environmental stress
cracking as determined by the procedure detailed in ASTM D 1693, Co; City Utilities.
c. Joint strength must be equal to that of adjacent pipe as demonstrated by tensile
test. In addition, results of tensile impact testing of joint should indicate a ductile
rather than a brittle fracture. External appearance of fusion bead should be smooth
without significant juncture groove.
d. Threaded or solvent cement joints and connections are not permitted.
F. Co; The minimum length of the middle ring shall be
5-inches for pipe sizes up to 10 inches and 7 inches for pipe 10 inches to 30 inches.
The pipe stop shall be removed.
c. Gaskets shall be suitable for 250 psi pressure rating or at rated working pressure
of the connecting pipe. Co; Corp. Stop Ford Meter Box Co.; Bend Ford Meter Box Co.; Yoke Bar Ford Meter Box Co.; Yoke Ell Ford Meter Box Co.; Ford Meter Box Co.; Service Saddle Ford Meter Box Co.; FB1600-7
Meter Setter Ford Meter Box Co.; Service
Meter Pit Monitor Ford Meter Box Co.; Service
Meter Pit Ring & Lid Ford Meter Box Co.; Service
1. Corp; Corporation stops shall have AWWA C800-66 C.S. threaded inlet. Outlets shall be
suitable for the type of service piping furnished and laid, and the Co; Meter pits shall adhere to Co; Refer to Co; City Utilities Standard Details.
2. Meter Vaults are owned by the Property Owner. Property Owner is required to
exercise and maintain valves in vault.
3.03 Water Valves
A. General
1. Co; Each gate valve shall be
installed in a vertical position with a valve box. Co; Page 46 of 112

strength plastic valve box aligner shall be installed within the valve box, centered
about the extension stem and located under the operating nut. All gate valves shall be
encased in polyethylene film.
9. Gate valves shall be Model Series 2361 resilient wedge gate valves as manufactured
by Mueller Company; JCM 432 by JCM Industries, H-
304 by Mueller Company; Coordinate with Co; All existing water mains to be tapped under this Co; Valve
and Primer Corp; T-handle operating wrenches for underground
valves. Nut operator extensions for all valves buried deeper than 3 feet shall be
provided with stem extensions sufficient to raise operator nut to within 3 feet of
finished grade.
3. Valve boxes shall have extension stems, where necessary when operating nut is raised
to be within 3 feet of the existing grade.
3.04 Hydrants
A. Yard Hydrants
1. Yard hydrants shall be installed where described on the Drawings or directed by
Co; Exposed portions of hydrants shall be factory painted with an enamel finish.
Co; B. Fire Hydrants
1. The Co; Drawings or directed by Co; Hydrant shoe shall have protective, thermosetting epoxy coating applied inside and
out before assembly. Prior to application of coating, shoes shall be mechanically and
chemically cleaned in compliance with SSPC Standards SP-5 and SP-8. A minimum
average dry film thickness of 3 mils shall be applied on interior and exterior surfaces
of hydrant shoe. Co; Engineer
after taking into account the actual trench loads that may result and the strength of
the pipe being used. The Co; The trench shall be straight and uniform so as to permit laying pipe to lines and
grades shown on the drawings. It shall be kept free of water during the laying of the
pipe and until the pipeline has been backfilled. Removal of trench water shall be at
the Co; Class I, II, III, or IV materials per
ASTM C12. Inc; Backfill in Public Right-of-Way
shall be approved by City Engineering Department.
c. Co; Before final acceptance, the Co; The Co; In the event that pavement is not placed immediately following trench backfilling
in streets and highways, the Co; Contractor shall meet with
Co; City Utilities to establish locations of tracer wire terminating
boxes before beginning pipe installation. The wire shall be one continuous
piece from end to end.
e. For each wire installed, Co; Contractor shall test tracer wire using Co; If the tracer wire
is found to be not continuous after testing, Co; In the event tracer wire cannot be installed as one continuous piece from end to
end for Open Cut Excavation, Co; Contractor shall
test each tracer wire using Co; If the tracer wire is
found to be not continuous after testing, Co; Drawings, unless otherwise directed by Co; City Utilities.
Marker locations shall be approved by Co; I. Settlement of Trenches
1. Whenever lines are in, or cross, driveways and streets, the Co; If paving shall
require replacement because of trench settlement within this time, it shall be
replaced by the Co; Columbus City Utilities. Repair
of settlement damage shall meet the approval of Co; City Utilities, City
of Co; Contractor shall insure that the correct line and
grade of the pipe is maintained before backfilling around the trench baffle.
K. Co; Highway, Street, and Drive Replacement
1. The Co; He
shall construct same to the original lines and grades and in such manner as to leave
all such surfaces in fully as good or better condition than that which existed prior
to the operations.
Page 61 of 112

2. Co; City of Co; Engineering Standards.
L. Portland Cement Co; Drive Replacement
1. Wherever Portland cement concrete driveways are removed, they shall be
reconstructed to the original lines and grades and in such manner as to leave all
such surfaces in fully as good or better condition than existed prior to the
operation.
2. Co; City
of Co; Engineering Standards.
M. Co; Curb and Gutter Replacement
1. The Co; Only that portion of the curb and gutter needed to lay the
sewer line shall be removed.
2. Co; Engineering Standards.
N. Mailbox, Culvert, Clothes Line Posts, Fences and other Replacements
1. Existing mail boxes, drainage culverts, clothes line posts, fences and the like shall
not be damaged or disturbed unless necessary, in which case, they shall be replaced
in as good condition as found as quickly as possible. Existing materials shall be
reused in replacing such facilities when materials have not been damaged by the
Co; Existing facilities damaged by Co; Contractor's expense.
2. Replacement of paved drainage ditches within highway right-of-way shall
be accomplished in accordance with Department of Transportation
specifications.
O. New Sanitary Sewer to Existing Manhole Co; Core Drill existing structure and connect with flexible, watertight connection.
Bench shall be reconstructed per Co; City Utilities Standards.
2. At the time the new sewer is placed into permanent service, as designated by
Co; City Utilities, the Co; Page 62 of 112

the manhole, patch and seal the wall with an expansive cement mortar, construct
new manhole bench in accordance with the standard details, and remove plug
from the new sewer. All temporary pumping, piping, excavation, etc. as
required to maintain or divert the sewage flow shall be included by the
Co; The excavation shall be straight and uniform so as to permit installation of the
manhole to lines and grades shown on the drawings. It shall be kept free of water
during the installation of the manhole and until the manhole has been backfilled.
Removal of water shall be at the Co; C. Manhole Lining
1. All manholes with a forcemain discharge connection, and three manholes
downstream of such a connection shall receive a protective lining.
2. Protective Lining system shall be Mainstay Co; Liner System by Madewell
Products Corp; Mainstay ML-72
c. Co; Madewell 806 Flexible Epoxy
3. The liner system shall be accompanied by a warranty against failure for a
minimum of 10-years and be transferable to Co; Failure of the liner to protect against the interior deterioration or corrosion
of the structure.
b. Failure to protect the substrate and environment from contamination by
effluent.
c. Failure to prevent groundwater infiltration.
Any such failures shall be repaired and restored at no cost to Co; City
Page 64 of 112

Utilities within 60 days of notice of failure.
D. Co; Columbus City Utilities
Standards. New outlet pipe openings shall be core drilled in the wall of the
structure, and the pipe installed with a PSX Direct Drive Manhole Adapter, or
approved equal. Areas around pipe shall be grouted to achieve a smooth surface.
E. Co; Highway, Street, and Drive Replacement
1. Reference Section 4.02 K of this document.
F. Co; Curb and Gutter Replacement
1. Reference Section 4.02 M of this document.
G. Mailbox, Culvert, Clothes Line Posts, Fences and other Replacements
1. Reference Section 4.02 N of this document.
H. Manhole Frame Installation
1. The manhole frame casting shall be centered over the opening in the cone or
grade ring of the manhole, with a bituminous mastic joint sealing compound
applied between the concrete and the casting.
2. The frame shall be bolted to the cone or grade ring with wedge anchors.
Page 65 of 112

Chapter 5 - Water Installation
5.01 Introduction
The following Chapter addresses the minimum requirements for the installation of
water distribution facilities.
5.02 Hydrant Installation
A. Valves
1. Location
a. Valves shall be spaced no greater than 600 feet apart on water mains 12-inches
and smaller.
b. Valves shall be spaced no greater than 1,200 feet apart on water mains 16-inches
and larger.
B. Fire Hydrants
1. Location
a. Fire hydrants shall be spaced no greater than 500 feet apart.
b. Hydrants shall be located as shown or as directed by Co; City Utilities so
as to provide complete accessibility and minimize the possibility of damage from
vehicles or injury to pedestrians.
c. When placed behind the curb, the hydrant barrel shall be set so that the pumper
or hose nozzle cap will be a minimum of 18-inches and a maximum of 24-inches
from the back of curb in developed areas.
d. When placed behind the edge of pavement, the hydrant barrel shall be set so that
the pumper or hose nozzle cap will be a minimum of 3-feet and a maximum of 5-
feet from the edge of pavement in undeveloped areas. Deviations from these
standards will only be allowed at Co; Hydrants shall be located as shown on the Co; Drawings or as
directed by Co; Details in the Drawings, or
as directed by Co; Yard hydrants located on sanitary sewer lift station sites are not required to be
metered.
Page 67 of 112

b. Other yard hydrant installations may require metering as determined by
Co; Hydrants shall be set plumb and to the established grade.
3. Co; The bowl of each hydrant shall be tied to the pipe with suitable anchor couplings, as
directed by Co; Engineer after taking into account
the actual trench loads that may result and the strength of the pipe being used. The
Co; The trench shall be straight and uniform so as to permit laying pipe to lines and grades
shown on the Drawings. It shall be kept free of water during the laying of the pipe and
until the pipeline has been backfilled. Removal of trench water shall be at the
Co; Reference Section 4.02 H of this document.
I. Settlement of Trenches
1. Reference Section 4.02 I of this document.
J. Pre-Fabricated Trench Baffles
1. Reference Section 4.02 J of this document.
Page 70 of 112

K. Co; Highway, Street, and Drive Replacement
1. Reference Section 4.02 K of this document.
L. Portland Cement Co; Drive Replacement
1. Reference Section 4.02 L of this document.
M. Co; Curb and Gutter Replacement
1. Reference Section 4.02 M of this document.
N. Mailbox, Culvert, Clothes Line Posts, Fences and other Replacements
1. Reference Section 4.02 N of this document.
O. Rip-Rap Stream Bank Slope Protection
1. Reference Section 4.02 O of this document.
P. Water Main Termination
1. All water mains shall be terminated with a perpendicular hydrant tee and hydrant
assembly, Gate Valve the size of the water main, and restraint ductile iron cap or
plug.
Page 71 of 112

Chapter 6 - Sanitary Sewer Inspection, Testing, and Acceptance
6.01 Introduction
The following Chapter describes the minimum requirements and general procedures for the
inspection and testing of sanitary and storm sewers to be dedicated to Co; City
Utilities.
Any section of sewer not passing the tests prescribed herein shall be repaired to the
satisfaction and approval of Co; Upon completion of installation of the piping and appurtenances, the
Co; Work. The Co; Provide post installation sanitary sewer line jet
cleaning and television inspection of the sewer line. All video recordings are to be
turned over to Co; City Utilities for Engineer review and final approval.
Any video deemed incomplete or otherwise deficient shall be re-televised before
Co; All lines or sections of lines that are found to
be laid improperly with respect to line or grade, that are found to contain broken
or leaking sections of pipe, or are obstructed in such a manner that they cannot
be satisfactorily corrected otherwise, shall be removed and replaced at the
Page 72 of 112

Co; To test for leaks, all completed piping as specified herein after backfilling
shall be tested by low-pressure air test, exfiltration, or infiltration test.
Should the low pressure air test results be inconclusive, an exfiltration or
infiltration test will be required on the low pressure air tested segments.
Labor, equipment and supplies required for all tests shall be furnished by
the Co; In order to test for infiltration Co; To test for infiltration, Co; City Utilities may also
require that the Co; Infiltration tests
Page 73 of 112

shall consist of weir measurement to determine quantities of any infiltration.
Measurements shall be taken at line locations determined on-site. This infiltration
test will not be made until the sewer line is completed, and the Co; Contractor at his own expense. Equipment and supplies required
from smoke tests shall be furnished by the Co; Other supplementary smoke tests prior to
backfilling may be performed by the Co; Contractor and observed by Co; All pipe, fittings, valves, and other materials found to be defective under test
shall be removed and replaced at no additional expense to Co; City
Utilities.
f. Lines which fail to meet tests shall be repaired and retested as necessary until
test requirements are complied with.
g. All water for testing shall be metered and cost of water shall be paid for
by Co; Engineer.
c. Co; City Utilities shall witness all tests. The procedure for testing shall
be approved by Co; Before testing, heat fusion joints shall be completely cooled.
Mechanical joints shall be completely assembled. Co; Testing may be conducted on the entire system or sections of the
system. Test section length shall be determined by the Co; The pipeline
shall be re-tested after a minimum 8-hour recuperation period. No
pipeline shall be placed into service or accepted by the Engineer until
it has passed the testing requirement.
vi. All water for testing shall be metered and cost of water shall be paid
for by Co; C. Sanitary Sewer Manholes
1. Testing Prior to Backfilling
Page 78 of 112

a. This specification shall govern the vacuum testing of sanitary sewer manholes and
structures and shall be used as a method of determining acceptability by
Co; City Utilities, in accepting maintenance of a sanitary sewer manhole
or structure on behalf of the public. This test shall be performed in accordance
with ASTM C 1244 prior to backfilling. Other forms of testing of some manholes
may be required, as deemed necessary by Co; All temporary plugs and braces shall be removed after each test.
Manholes will be accepted as having passed the vacuum test
requirements if they meet the criteria stated above.
Page 80 of 112

Chapter 7 - Water Inspection, Testing, and Acceptance
7.01 Introduction
The following Chapter describes the minimum requirements and general procedures for the
inspection and testing of water distribution systems to be dedicated to Co; City
Utilities.
Any section of the system not passing the tests prescribed herein shall be repaired to the
satisfaction and approval of Co; City
Utilities.
Page 82 of 112

i. Lines which fail to meet tests shall be repaired and retested as necessary until
test requirements are complied with.
j. All water for testing shall be metered and cost of water shall be paid for
by Co; City Utilities shall witness all tests. The
procedure for testing shall be approved by Co; Before testing, heat fusion joints shall be
completely cooled. Mechanical joints shall
be completely assembled. Co; Testing may be conducted on the entire
system or sections of the system. Test
section length shall be determined by the
Co; The pipeline shall
be re-tested after a minimum 8-hour
recuperation period. No pipeline shall be
placed into service or accepted by the
Engineer until it has passed the testing
requirement.
vi. All water for testing shall be metered and cost of water shall be paid
for by Co; OSHA regulations and as directed by
Co; Columbus City Utilities will collect water samples for
bacteriological testing. The main will not be approved for final connection to the
existing distribution system until sampling results are obtained and approved by
Co; AWWA C651.
Page 86 of 112

Chapter 8 - Sanitary Sewer Lift Stations
8.01 Introduction
This Chapter pertains to the requirements for the design and construction of submersible
type lift stations, which are the primary type typically constructed as part of private
development. Dry well stations are not acceptable.
Lift stations meeting or exceeding the requirements set herein will be approved. Any
proposed alteration of the pump station dimensions, equipment, controls, etc. from the
standards set forth herein will be approved only upon the submittal of plans and
specifications of the proposed changes to Co; City Utilities, and upon the
Co; Lift Station Site Requirements
A. Security Fencing
1. A security fence shall be installed at all lift station sites. The type of fencing to be used
shall be determined by Co; An additional 4-foot wide access gate may also be installed
adjacent to the double swing gate if required by Co; All similar components shall be manufactured and furnished by one
manufacturer unless specifically approved by Co; USB flash memory stick
copy of the Operation and Maintenance Manuals to Co; Flygt
b. Co; Toric Engineering,
ii. Frakes Engineering,
Page 90 of 112

iii. Miller Eads Corp.; Alternates and substitutions to be approved by Co; Class 1, Div 2,
NEC Classification
Groups C & D
Co; Jacket Equipped
Minimum Water Level
Discharge Co; Wetwell Design
i. Submit wetwell sizing calculations to determine required internal
diameter, or approved alternative from Co; Hubbel Kellem Heavy Duty Single Eye
strain relief.
vi. The wetwell vent shall be per Standard Details.
vii. Aluminum access hatch shall be cast into top lid. Access hatch shall be
sized by pump manufacturer to allow removal of pumps without
entering wetwell.
viii. At the discretion of Co; City Utilities, the interior of the wetwell
may be required to have an epoxy liner system applied.
ix. Piping shall be coated with a protective coating as follows, or as
approved in writing by Co; SW Dura-Plate 235,
1st Co; Prep Dry Dry
N69 Hi-Build
1st Co; N69 Hi-Build
2nd Co; Prep Dry Dry
1st Co; HiSolids Polyurethane
2nd Co; All piping connections inside the valve vault shall be bolted flange
connections. Mechanical joint connections are not permitted.
ii. All hardware shall be stainless steel.
iii. Refer to Sewage Valve Section for valve manufacturers
iv. Minimum valve vault dimensions shall be per Standard Details, or
approved alternative from Co; City Utilities in writing.
Page 93 of 112

v. All forcemain piping shall have a minimum of 48-inches depth of cover.
vi. Valve vault shall have aluminum access hatch cast into top lid, located
over valves.
vii. Piping shall be coated with a protective coating as outlined for the
wetwell above, or as approved in writing by Co; A flow meter shall be required at the discretion of
Co; No portion of the pump shall
bear directly on the floor of the sump.
iii. Pump Co; Rectangular cross sectioned gaskets requiring specific torque limits
to achieve compression shall not be considered as adequate or
equal. No secondary sealing compounds, elliptical O-rings, grease
or other devices shall be used
iv. Co; Suction Co; National Electric Co; Main, motor, and accessory circuit breakers
Page 99 of 112

b. Lights, buttons, switches
c. Motor overload resets
d. Elapsed Time Meters
e. Pump Station Co; Hi Temp overload controller
h. Co; Pump Sequence Co; V, 4-20mA loop.
b. Co; Primex KwikSwitch Float Co; System
rated for Class 1, Div 1 operation. Provide accessory
mounting brackets from the manufacturer to meet the
application needs. Float backup shall operate upon failure of
the continuous level device and shall be operator selectable
for continuous level or float operation.
i. Hi Level Alarm
ii. Pump ON
iii. Pumps OFF
iv. Low Level Alarm and suction cutoff
d. Depending on the size and location of the system, floats may
be acceptable on a case-by-case basis as primary level control
as approved by Co; Auxiliary Co; NEMA 4X, 316 stainless steel.
e. Co; A, isolated, 10 bit resolution
i. Pump No. 1 Amperage from transducer
ii. Pump No. 2 Amperage from transducer
iii. Station Co; Normally Open Co; Load Co; Normally Closed Co; Service Entrance Rated
c. Phase rotation monitor
Page 103 of 112

d. E1016 Series Male Camlok Panel mounts with flip covers for
temporary generator connection.
e. Removable access panel
f. Co; By Trystar LLC; Depending on lift station size and available power, VFDs may be
required. This will be reviewed on a case-by-case basis by Co; City Utilities.
C. Execution
1. Preparation
a. Co; Take all necessary measurements in the field to determine the exact
dimensions for all work and the required sizes of all equipment under this
contract. All pertinent data and dimensions shall be verified by the Co; The start-up engineer shall also
instruct Co; The test period shall be a minimum of 2.0 hours. Any detectable leakage
shall be cause for rejection and the leakage shall be corrected prior to
retesting.
c. After installation of the pumping equipment, and after inspection, operation,
testing, and adjustment have been completed by the qualified start-up engineer,
each pump shall be given a running test in the presence of Co; City
Utilities. Testing shall be conducted to indicate that the pumps, motors, and
drives generally conform to the efficiencies and operating conditions specified
and its ability to operate without vibration, overheating, or over-loading. The
pumps and motors shall operate at the specified capacities in the range of heads
and capacity specified without undue noise or vibration. Any undue noise or
vibration in the pumps or motors, which is objectionable, will be sufficient cause
for rejection of the units.
3. Pump Warranty
a. After successful completion of tests and trials under operating conditions on all
equipment, the Co; Control Panel Fuses of each type
Page 106 of 112

Appendices
Page 107 of 112

Standard Co; City Utilities Documents
Page 108 of 112

MAINTENANCE BOND
WE
as Developer, and
as Surety are held and firmly bound unto Co; APPROVED AS TO FORM
BY
Page 110 of 112

Standard Co",0.05 gpm; 0.1 gpm; 10 gallons,,http://www.columbusutilities.org/wp-content/uploads/CCU_Standard_Specifications_Details_FINAL_101321.pdf,http://www.columbusutilities.org/wp-content/uploads/CCU_Standard_Specifications_Details_FINAL_101321.pdf,data/downloads/ohio/columbus/CCU_Standard_Specifications_Details_FINAL_101321.pdf,oh_columbus_utilities,,PDF on Columbus Utilities Board page,,"GALLONS PER DAY; GPD; Gallons per minute; gpm; Make-up water; Discharge; effluent; Non-potable; potable water; potable
water; proprietary",0.35,2026-03-16T04:29:13.848927
OH,Columbus City Utilities Board,Current Agenda,,"Recommendation of a Public-Private Agreement, Bowen Engineering
4. Water Treatment Plant 1 GMAX proposal, Bowen Engineering
5. Professional Services Agreement, Beatty Lane Lift Station Replacement Mod No.1
6. Issuance of Sewage Works Revenue Bonds, Resolution 6-2026
7. On-Call Policy Update
8. Updated 2026 Wage and Classification Schedule
STANDING REPORTS
1. Claims
a.Water Claims
b.Wastewater Claims
c. SRF Claims
d.City of Co",,,http://www.columbusutilities.org/wp-content/uploads/Agenda-02.19.2026.pdf,http://www.columbusutilities.org/wp-content/uploads/Agenda-02.19.2026.pdf,data/downloads/ohio/columbus/Agenda-02.19.2026.pdf,oh_columbus_utilities,,PDF on Columbus Utilities Board page,,,0.00,2026-03-16T04:29:22.556462
OH,New Albany,2026 New Albany City Council Regular Meeting Schedule,,"New Albany City Co; Regular Meeting Schedule
New Albany City Co; Village Hall and the Public Service Co",,,https://newalbanyohio.org/wp-content/uploads/2025/11/2026-New-Albany-City-Council-Regular-Meeting-Schedule.pdf,https://newalbanyohio.org/wp-content/uploads/2025/11/2026-New-Albany-City-Council-Regular-Meeting-Schedule.pdf,data/downloads/ohio/new_albany/2026-New-Albany-City-Council-Regular-Meeting-Schedule.pdf,oh_new_albany,,PDF link on council page,,,0.00,2026-03-16T04:30:59.856353
OH,New Albany,Agenda,,Sergeant Michael Co,,,https://newalbanyohio.org/wp-content/uploads/2026/03/Council-Agenda-3-17-26.pdf,https://newalbanyohio.org/wp-content/uploads/2026/03/Council-Agenda-3-17-26.pdf,data/downloads/ohio/new_albany/Council-Agenda-3-17-26.pdf,oh_new_albany,,PDF link on council page,,,0.00,2026-03-16T04:31:07.360881
OH,New Albany,Amended Agenda,,"Abbey Brooks, Co; Executive Session pursuant to Ohio Revised Co",,,https://newalbanyohio.org/wp-content/uploads/2026/02/Council-Agenda-3-3-26-Amended.pdf,https://newalbanyohio.org/wp-content/uploads/2026/02/Council-Agenda-3-3-26-Amended.pdf,data/downloads/ohio/new_albany/Council-Agenda-3-3-26-Amended.pdf,oh_new_albany,,PDF link on council page,,,0.00,2026-03-16T04:31:16.059354
OH,New Albany,Agenda,,Executive Session pursuant to Ohio Revised Co,,,https://newalbanyohio.org/wp-content/uploads/2026/02/Agenda-2-17-26.pdf,https://newalbanyohio.org/wp-content/uploads/2026/02/Agenda-2-17-26.pdf,data/downloads/ohio/new_albany/Agenda-2-17-26.pdf,oh_new_albany,,PDF link on council page,,,0.00,2026-03-16T04:31:24.350490
OH,New Albany,Minutes,,,,,https://newalbanyohio.org/wp-content/uploads/2026/03/Council-Minutes-2-17-26.pdf,https://newalbanyohio.org/wp-content/uploads/2026/03/Council-Minutes-2-17-26.pdf,data/downloads/ohio/new_albany/Council-Minutes-2-17-26.pdf,oh_new_albany,,PDF link on council page,,,0.00,2026-03-16T04:31:30.940240
OH,Ohio EPA,Ohio EPA General Permit OHD000001 — Data Center Wastewater (Status: unknown),2026-03-16T04:33:25.008517,,,,https://www.epa.state.oh.us/dsw/permits/gplist,,,oh_epa_general_permit,,Ohio EPA data center general permit OHD000001,,,0.00,2026-03-16T04:33:28.108304
OH,Ohio EPA,Central Ohio Regional Water Study — Overview (March 2025),2025-03-01T00:00:00,,,,https://dam.assets.ohio.gov/image/upload/epa.ohio.gov/Portals/0/water/CentralWaterStudyOverview.pdf,https://dam.assets.ohio.gov/image/upload/epa.ohio.gov/Portals/0/water/CentralWaterStudyOverview.pdf,,oh_central_water_study,,Central Ohio Regional Water Study — data center demand projections,Intel,,0.00,2026-03-16T04:34:14.016036
OH,Ohio EPA,Central Ohio Regional Water Study — Licking County Detail (March 2025),2025-03-01T00:00:00,,,,https://dam.assets.ohio.gov/image/upload/epa.ohio.gov/Portals/0/water/LickingWaterStudy.pdf,https://dam.assets.ohio.gov/image/upload/epa.ohio.gov/Portals/0/water/LickingWaterStudy.pdf,,oh_central_water_study,,Central Ohio Regional Water Study — data center demand projections,Intel,,0.00,2026-03-16T04:34:19.411640
OH,Ohio EPA,Central Ohio Regional Water Study — Pickaway County Detail (March 2025),2025-03-01T00:00:00,,,,https://dam.assets.ohio.gov/image/upload/epa.ohio.gov/Portals/0/water/PickawayWaterStudy.pdf,https://dam.assets.ohio.gov/image/upload/epa.ohio.gov/Portals/0/water/PickawayWaterStudy.pdf,,oh_central_water_study,,Central Ohio Regional Water Study — data center demand projections,Intel,,0.00,2026-03-16T04:34:27.967991
VA,Virginia DEQ,VPDES Outfall: Amazon com Services LLC - DDC4 1 - VAR052461 (Outfall VAR052461002),,Amazon com Services LLC - DDC4 1,,,https://apps.deq.virginia.gov/arcgis/rest/services/public/EDMA/MapServer/119/query?where=VAP_PMT_NO='VAR052461'&f=html,,,va_deq_arcgis,VAR052461,facility name matched: Amazon,Amazon,,0.00,2026-06-01T11:37:11.568738
VA,Virginia DEQ,VPDES Outfall: RIC2 Amazon - VAR052421 (Outfall VAR052421001),,RIC2 Amazon,,,https://apps.deq.virginia.gov/arcgis/rest/services/public/EDMA/MapServer/119/query?where=VAP_PMT_NO='VAR052421'&f=html,,,va_deq_arcgis,VAR052421,facility name matched: Amazon,Amazon,,0.00,2026-06-01T11:37:11.586904
VA,Virginia DEQ,VPDES Outfall: Amazon com Services LLC - DDC4 - VAR052420 (Outfall VAR052420002),,Amazon com Services LLC - DDC4,,,https://apps.deq.virginia.gov/arcgis/rest/services/public/EDMA/MapServer/119/query?where=VAP_PMT_NO='VAR052420'&f=html,,,va_deq_arcgis,VAR052420,facility name matched: Amazon,Amazon,,0.00,2026-06-01T11:37:11.589677
